order_id,order_day,outlet_id
1,2024-01-01,1
2,2024-01-01,1
3,2024-01-01,1
4,2024-01-01,4
5,2024-01-01,5
6,2024-01-02,1
7,2024-01-02,1
8,2024-01-02,4
9,2024-01-02,4
10,2024-01-02,4
11,2024-01-02,4
12,2024-01-02,5
13,2024-01-02,5
14,2024-01-02,5
15,2024-01-02,5
16,2024-01-02,5
17,2024-01-02,5
18,2024-01-03,2
19,2024-01-03,2
20,2024-01-03,3
21,2024-01-03,4
22,2024-01-03,4
23,2024-01-03,5
24,2024-01-04,1
25,2024-01-04,1
26,2024-01-04,2
27,2024-01-04,2
28,2024-01-04,3
29,2024-01-04,4
30,2024-01-04,5
31,2024-01-04,5
32,2024-01-05,1
33,2024-01-05,2
34,2024-01-05,2
35,2024-01-05,3
36,2024-01-05,5
37,2024-01-05,5
38,2024-01-06,1
39,2024-01-06,2
40,2024-01-06,2
41,2024-01-06,3
42,2024-01-06,3
43,2024-01-06,4
44,2024-01-07,3
45,2024-01-08,1
46,2024-01-08,1
47,2024-01-08,1
48,2024-01-08,1
49,2024-01-08,2
50,2024-01-08,2
51,2024-01-08,2
52,2024-01-08,2
53,2024-01-08,3
54,2024-01-08,3
55,2024-01-08,3
56,2024-01-08,4
57,2024-01-08,4
58,2024-01-08,4
59,2024-01-08,5
60,2024-01-08,5
61,2024-01-08,5
62,2024-01-09,1
63,2024-01-09,2
64,2024-01-09,2
65,2024-01-09,3
66,2024-01-09,3
67,2024-01-09,3
68,2024-01-09,3
69,2024-01-09,4
70,2024-01-09,4
71,2024-01-10,4
72,2024-01-10,4
73,2024-01-10,4
74,2024-01-10,5
75,2024-01-10,5
76,2024-01-10,5
77,2024-01-11,1
78,2024-01-11,1
79,2024-01-11,2
80,2024-01-11,2
81,2024-01-11,2
82,2024-01-11,3
83,2024-01-11,3
84,2024-01-11,3
85,2024-01-11,3
86,2024-01-11,3
87,2024-01-11,4
88,2024-01-11,4
89,2024-01-11,4
90,2024-01-11,5
91,2024-01-12,1
92,2024-01-12,1
93,2024-01-12,1
94,2024-01-12,4
95,2024-01-13,2
96,2024-01-13,3
97,2024-01-13,3
98,2024-01-13,3
99,2024-01-14,1
100,2024-01-14,2
101,2024-01-14,3
102,2024-01-14,4
103,2024-01-14,5
104,2024-01-15,1
105,2024-01-15,2
106,2024-01-15,4
107,2024-01-15,4
108,2024-01-15,4
109,2024-01-15,4
110,2024-01-15,5
111,2024-01-15,5
112,2024-01-15,5
113,2024-01-16,1
114,2024-01-16,1
115,2024-01-16,2
116,2024-01-16,2
117,2024-01-16,3
118,2024-01-16,3
119,2024-01-16,3
120,2024-01-16,5
121,2024-01-17,1
122,2024-01-17,1
123,2024-01-17,2
124,2024-01-17,3
125,2024-01-17,3
126,2024-01-17,4
127,2024-01-17,4
128,2024-01-17,4
129,2024-01-18,1
130,2024-01-18,1
131,2024-01-18,2
132,2024-01-18,2
133,2024-01-18,3
134,2024-01-18,4
135,2024-01-18,5
136,2024-01-18,5
137,2024-01-18,5
138,2024-01-18,5
139,2024-01-19,1
140,2024-01-19,1
141,2024-01-19,2
142,2024-01-19,3
143,2024-01-19,4
144,2024-01-19,5
145,2024-01-20,4
146,2024-01-21,3
147,2024-01-22,2
148,2024-01-22,3
149,2024-01-22,3
150,2024-01-22,4
151,2024-01-22,5
152,2024-01-22,5
153,2024-01-22,5
154,2024-01-23,1
155,2024-01-23,1
156,2024-01-23,3
157,2024-01-23,3
158,2024-01-23,4
159,2024-01-23,4
160,2024-01-24,1
161,2024-01-24,2
162,2024-01-24,2
163,2024-01-24,2
164,2024-01-24,4
165,2024-01-24,4
166,2024-01-24,5
167,2024-01-24,5
168,2024-01-25,1
169,2024-01-25,2
170,2024-01-25,2
171,2024-01-25,5
172,2024-01-26,1
173,2024-01-26,1
174,2024-01-26,2
175,2024-01-26,2
176,2024-01-26,2
177,2024-01-26,4
178,2024-01-26,4
179,2024-01-26,5
180,2024-01-27,2
181,2024-01-28,1
182,2024-01-28,3
183,2024-01-28,4
184,2024-01-29,5
185,2024-01-29,5
186,2024-01-30,1
187,2024-01-30,1
188,2024-01-30,3
189,2024-01-30,4
190,2024-01-30,4
191,2024-01-30,5
192,2024-01-31,1
193,2024-01-31,1
194,2024-01-31,3
195,2024-01-31,4
196,2024-02-01,2
197,2024-02-01,3
198,2024-02-01,4
199,2024-02-01,4
200,2024-02-01,5
201,2024-02-02,2
202,2024-02-02,2
203,2024-02-02,2
204,2024-02-02,2
205,2024-02-02,3
206,2024-02-02,3
207,2024-02-02,3
208,2024-02-02,3
209,2024-02-02,3
210,2024-02-02,3
211,2024-02-02,5
212,2024-02-03,2
213,2024-02-04,5
214,2024-02-05,1
215,2024-02-05,1
216,2024-02-05,3
217,2024-02-05,3
218,2024-02-05,4
219,2024-02-05,5
220,2024-02-06,2
221,2024-02-06,3
222,2024-02-06,5
223,2024-02-06,5
224,2024-02-07,2
225,2024-02-07,3
226,2024-02-07,5
227,2024-02-08,1
228,2024-02-08,1
229,2024-02-08,2
230,2024-02-08,2
231,2024-02-08,2
232,2024-02-08,2
233,2024-02-08,2
234,2024-02-08,3
235,2024-02-08,3
236,2024-02-08,4
237,2024-02-08,4
238,2024-02-08,4
239,2024-02-09,1
240,2024-02-09,2
241,2024-02-09,5
242,2024-02-10,1
243,2024-02-10,4
244,2024-02-10,5
245,2024-02-11,4
246,2024-02-11,5
247,2024-02-11,5
248,2024-02-12,1
249,2024-02-12,3
250,2024-02-12,3
251,2024-02-12,5
252,2024-02-13,1
253,2024-02-13,2
254,2024-02-13,2
255,2024-02-13,3
256,2024-02-13,5
257,2024-02-14,3
258,2024-02-14,3
259,2024-02-14,4
260,2024-02-14,5
261,2024-02-14,5
262,2024-02-14,5
263,2024-02-15,1
264,2024-02-15,1
265,2024-02-15,1
266,2024-02-15,2
267,2024-02-15,2
268,2024-02-15,3
269,2024-02-15,3
270,2024-02-15,4
271,2024-02-15,4
272,2024-02-15,5
273,2024-02-16,1
274,2024-02-16,2
275,2024-02-16,2
276,2024-02-16,3
277,2024-02-16,3
278,2024-02-16,4
279,2024-02-17,1
280,2024-02-17,2
281,2024-02-18,2
282,2024-02-19,1
283,2024-02-19,1
284,2024-02-19,2
285,2024-02-19,3
286,2024-02-19,3
287,2024-02-19,4
288,2024-02-19,4
289,2024-02-19,5
290,2024-02-19,5
291,2024-02-20,1
292,2024-02-20,1
293,2024-02-20,3
294,2024-02-20,4
295,2024-02-20,5
296,2024-02-21,1
297,2024-02-21,1
298,2024-02-21,2
299,2024-02-21,2
300,2024-02-21,3
301,2024-02-21,4
302,2024-02-21,4
303,2024-02-21,5
304,2024-02-21,5
305,2024-02-22,2
306,2024-02-22,3
307,2024-02-22,3
308,2024-02-22,5
309,2024-02-22,5
310,2024-02-22,5
311,2024-02-22,5
312,2024-02-22,5
313,2024-02-23,2
314,2024-02-23,2
315,2024-02-23,5
316,2024-02-23,5
317,2024-02-24,2
318,2024-02-24,5
319,2024-02-25,5
320,2024-02-26,1
321,2024-02-26,2
322,2024-02-26,2
323,2024-02-26,4
324,2024-02-26,4
325,2024-02-27,1
326,2024-02-27,2
327,2024-02-27,3
328,2024-02-27,4
329,2024-02-27,5
330,2024-02-27,5
331,2024-02-27,5
332,2024-02-27,5
333,2024-02-28,2
334,2024-02-28,3
335,2024-02-28,3
336,2024-02-28,3
337,2024-02-28,4
338,2024-02-28,5
339,2024-02-29,2
340,2024-02-29,4
341,2024-03-01,1
342,2024-03-01,2
343,2024-03-01,4
344,2024-03-01,4
345,2024-03-02,2
346,2024-03-03,1
347,2024-03-04,1
348,2024-03-04,1
349,2024-03-04,1
350,2024-03-04,1
351,2024-03-04,4
352,2024-03-04,5
353,2024-03-04,5
354,2024-03-05,3
355,2024-03-05,3
356,2024-03-05,4
357,2024-03-05,4
358,2024-03-05,4
359,2024-03-06,1
360,2024-03-06,1
361,2024-03-06,2
362,2024-03-06,2
363,2024-03-06,3
364,2024-03-06,3
365,2024-03-06,3
366,2024-03-06,4
367,2024-03-06,4
368,2024-03-06,5
369,2024-03-07,1
370,2024-03-07,1
371,2024-03-07,1
372,2024-03-07,1
373,2024-03-07,3
374,2024-03-07,4
375,2024-03-07,5
376,2024-03-07,5
377,2024-03-08,1
378,2024-03-08,1
379,2024-03-08,2
380,2024-03-08,3
381,2024-03-08,3
382,2024-03-08,3
383,2024-03-08,3
384,2024-03-08,4
385,2024-03-08,5
386,2024-03-09,3
387,2024-03-09,4
388,2024-03-09,5
389,2024-03-10,4
390,2024-03-10,5
391,2024-03-11,1
392,2024-03-11,1
393,2024-03-11,1
394,2024-03-11,2
395,2024-03-11,2
396,2024-03-11,3
397,2024-03-11,5
398,2024-03-12,1
399,2024-03-12,1
400,2024-03-12,2
401,2024-03-12,3
402,2024-03-12,4
403,2024-03-12,4
404,2024-03-12,5
405,2024-03-13,2
406,2024-03-13,2
407,2024-03-13,4
408,2024-03-13,4
409,2024-03-14,1
410,2024-03-14,1
411,2024-03-14,2
412,2024-03-14,2
413,2024-03-14,2
414,2024-03-14,3
415,2024-03-14,3
416,2024-03-14,4
417,2024-03-14,5
418,2024-03-14,5
419,2024-03-14,5
420,2024-03-15,1
421,2024-03-15,1
422,2024-03-15,2
423,2024-03-15,3
424,2024-03-15,5
425,2024-03-16,1
426,2024-03-16,2
427,2024-03-16,4
428,2024-03-17,1
429,2024-03-17,5
430,2024-03-17,5
431,2024-03-18,1
432,2024-03-18,2
433,2024-03-18,2
434,2024-03-18,3
435,2024-03-18,3
436,2024-03-18,4
437,2024-03-19,1
438,2024-03-19,1
439,2024-03-19,2
440,2024-03-19,3
441,2024-03-19,3
442,2024-03-19,5
443,2024-03-19,5
444,2024-03-20,1
445,2024-03-20,2
446,2024-03-20,2
447,2024-03-20,2
448,2024-03-20,3
449,2024-03-20,3
450,2024-03-20,3
451,2024-03-20,4
452,2024-03-20,4
453,2024-03-21,4
454,2024-03-21,4
455,2024-03-22,1
456,2024-03-22,2
457,2024-03-22,2
458,2024-03-22,3
459,2024-03-22,4
460,2024-03-22,5
461,2024-03-23,5
462,2024-03-24,1
463,2024-03-24,1
464,2024-03-24,3
465,2024-03-25,1
466,2024-03-25,2
467,2024-03-25,2
468,2024-03-25,3
469,2024-03-25,4
470,2024-03-25,4
471,2024-03-25,4
472,2024-03-26,1
473,2024-03-26,1
474,2024-03-26,2
475,2024-03-26,4
476,2024-03-26,5
477,2024-03-27,1
478,2024-03-27,1
479,2024-03-27,2
480,2024-03-27,4
481,2024-03-27,4
482,2024-03-27,4
483,2024-03-27,5
484,2024-03-27,5
485,2024-03-28,1
486,2024-03-28,1
487,2024-03-28,1
488,2024-03-28,2
489,2024-03-28,2
490,2024-03-28,2
491,2024-03-28,2
492,2024-03-28,2
493,2024-03-28,3
494,2024-03-28,4
495,2024-03-28,4
496,2024-03-28,4
497,2024-03-28,4
498,2024-03-28,5
499,2024-03-28,5
500,2024-03-29,2
501,2024-03-29,3
502,2024-03-29,4
503,2024-03-29,5
504,2024-03-29,5
505,2024-03-31,1
506,2024-03-31,1
507,2024-03-31,3
508,2024-03-31,4
509,2024-03-31,4
510,2024-03-31,5
511,2024-03-31,5
512,2024-04-01,1
513,2024-04-01,1
514,2024-04-01,2
515,2024-04-01,2
516,2024-04-01,2
517,2024-04-01,2
518,2024-04-01,4
519,2024-04-02,1
520,2024-04-02,2
521,2024-04-02,2
522,2024-04-02,3
523,2024-04-02,3
524,2024-04-02,3
525,2024-04-02,3
526,2024-04-02,3
527,2024-04-02,4
528,2024-04-02,5
529,2024-04-03,1
530,2024-04-03,2
531,2024-04-03,2
532,2024-04-03,3
533,2024-04-03,3
534,2024-04-03,4
535,2024-04-03,5
536,2024-04-04,1
537,2024-04-04,1
538,2024-04-04,3
539,2024-04-04,3
540,2024-04-04,4
541,2024-04-04,4
542,2024-04-04,5
543,2024-04-04,5
544,2024-04-05,1
545,2024-04-05,1
546,2024-04-05,1
547,2024-04-05,2
548,2024-04-05,4
549,2024-04-05,4
550,2024-04-05,5
551,2024-04-05,5
552,2024-04-06,5
553,2024-04-06,5
554,2024-04-07,2
555,2024-04-07,3
556,2024-04-07,5
557,2024-04-08,1
558,2024-04-08,3
559,2024-04-08,4
560,2024-04-08,4
561,2024-04-09,1
562,2024-04-09,5
563,2024-04-09,5
564,2024-04-09,5
565,2024-04-10,1
566,2024-04-10,1
567,2024-04-10,4
568,2024-04-10,4
569,2024-04-10,5
570,2024-04-10,5
571,2024-04-11,3
572,2024-04-11,5
573,2024-04-12,1
574,2024-04-12,2
575,2024-04-12,2
576,2024-04-12,2
577,2024-04-12,3
578,2024-04-12,3
579,2024-04-12,3
580,2024-04-12,3
581,2024-04-12,5
582,2024-04-13,1
583,2024-04-13,5
584,2024-04-13,5
585,2024-04-14,4
586,2024-04-14,4
587,2024-04-15,2
588,2024-04-15,2
589,2024-04-15,3
590,2024-04-15,4
591,2024-04-15,5
592,2024-04-16,1
593,2024-04-16,2
594,2024-04-16,3
595,2024-04-16,4
596,2024-04-16,5
597,2024-04-16,5
598,2024-04-16,5
599,2024-04-17,1
600,2024-04-17,1
601,2024-04-17,2
602,2024-04-17,2
603,2024-04-17,2
604,2024-04-17,3
605,2024-04-17,4
606,2024-04-17,4
607,2024-04-17,4
608,2024-04-17,5
609,2024-04-18,2
610,2024-04-18,2
611,2024-04-18,3
612,2024-04-18,4
613,2024-04-18,4
614,2024-04-18,4
615,2024-04-18,5
616,2024-04-18,5
617,2024-04-18,5
618,2024-04-19,1
619,2024-04-19,2
620,2024-04-19,2
621,2024-04-19,3
622,2024-04-19,3
623,2024-04-19,3
624,2024-04-19,4
625,2024-04-19,4
626,2024-04-20,4
627,2024-04-22,1
628,2024-04-22,2
629,2024-04-22,2
630,2024-04-22,3
631,2024-04-22,3
632,2024-04-22,3
633,2024-04-22,4
634,2024-04-22,4
635,2024-04-22,5
636,2024-04-23,4
637,2024-04-23,5
638,2024-04-24,1
639,2024-04-24,1
640,2024-04-24,1
641,2024-04-24,2
642,2024-04-24,2
643,2024-04-24,2
644,2024-04-24,3
645,2024-04-24,5
646,2024-04-25,1
647,2024-04-25,1
648,2024-04-25,2
649,2024-04-25,2
650,2024-04-25,3
651,2024-04-25,4
652,2024-04-25,5
653,2024-04-25,5
654,2024-04-26,1
655,2024-04-26,1
656,2024-04-26,2
657,2024-04-26,3
658,2024-04-26,3
659,2024-04-26,5
660,2024-04-26,5
661,2024-04-26,5
662,2024-04-26,5
663,2024-04-26,5
664,2024-04-27,1
665,2024-04-27,2
666,2024-04-27,3
667,2024-04-27,5
668,2024-04-28,1
669,2024-04-29,1
670,2024-04-29,2
671,2024-04-29,2
672,2024-04-29,2
673,2024-04-29,2
674,2024-04-29,2
675,2024-04-29,3
676,2024-04-29,5
677,2024-04-29,5
678,2024-04-29,5
679,2024-04-30,1
680,2024-04-30,1
681,2024-04-30,2
682,2024-04-30,2
683,2024-04-30,2
684,2024-04-30,2
685,2024-04-30,2
686,2024-04-30,3
687,2024-04-30,4
688,2024-04-30,5
689,2024-04-30,5
690,2024-05-01,1
691,2024-05-01,2
692,2024-05-01,2
693,2024-05-01,3
694,2024-05-01,3
695,2024-05-01,4
696,2024-05-02,2
697,2024-05-02,3
698,2024-05-02,3
699,2024-05-02,3
700,2024-05-02,3
701,2024-05-03,1
702,2024-05-03,2
703,2024-05-03,2
704,2024-05-03,4
705,2024-05-03,5
706,2024-05-03,5
707,2024-05-03,5
708,2024-05-04,3
709,2024-05-05,1
710,2024-05-05,4
711,2024-05-05,5
712,2024-05-06,1
713,2024-05-06,2
714,2024-05-06,2
715,2024-05-06,3
716,2024-05-06,5
717,2024-05-06,5
718,2024-05-06,5
719,2024-05-06,5
720,2024-05-07,1
721,2024-05-07,4
722,2024-05-07,5
723,2024-05-07,5
724,2024-05-08,2
725,2024-05-08,3
726,2024-05-08,4
727,2024-05-08,5
728,2024-05-08,5
729,2024-05-08,5
730,2024-05-09,1
731,2024-05-09,1
732,2024-05-09,1
733,2024-05-09,2
734,2024-05-09,2
735,2024-05-09,2
736,2024-05-09,3
737,2024-05-10,2
738,2024-05-10,3
739,2024-05-10,3
740,2024-05-10,3
741,2024-05-10,4
742,2024-05-10,5
743,2024-05-11,1
744,2024-05-12,3
745,2024-05-12,4
746,2024-05-12,4
747,2024-05-13,1
748,2024-05-13,1
749,2024-05-13,2
750,2024-05-13,3
751,2024-05-13,3
752,2024-05-13,3
753,2024-05-13,3
754,2024-05-13,4
755,2024-05-13,5
756,2024-05-14,1
757,2024-05-14,2
758,2024-05-14,4
759,2024-05-14,4
760,2024-05-14,4
761,2024-05-15,1
762,2024-05-15,1
763,2024-05-15,1
764,2024-05-15,1
765,2024-05-15,2
766,2024-05-15,2
767,2024-05-15,3
768,2024-05-15,3
769,2024-05-15,4
770,2024-05-15,4
771,2024-05-15,4
772,2024-05-15,5
773,2024-05-15,5
774,2024-05-16,1
775,2024-05-16,1
776,2024-05-16,2
777,2024-05-16,2
778,2024-05-16,3
779,2024-05-16,3
780,2024-05-16,4
781,2024-05-17,1
782,2024-05-17,2
783,2024-05-17,3
784,2024-05-17,3
785,2024-05-17,3
786,2024-05-17,5
787,2024-05-17,5
788,2024-05-17,5
789,2024-05-18,1
790,2024-05-18,1
791,2024-05-19,5
792,2024-05-19,5
793,2024-05-20,2
794,2024-05-20,2
795,2024-05-20,3
796,2024-05-20,4
797,2024-05-20,4
798,2024-05-20,5
799,2024-05-20,5
800,2024-05-21,1
801,2024-05-21,1
802,2024-05-21,1
803,2024-05-21,1
804,2024-05-21,1
805,2024-05-21,2
806,2024-05-21,3
807,2024-05-21,3
808,2024-05-21,4
809,2024-05-21,4
810,2024-05-21,5
811,2024-05-22,3
812,2024-05-22,4
813,2024-05-22,4
814,2024-05-22,5
815,2024-05-22,5
816,2024-05-22,5
817,2024-05-22,5
818,2024-05-22,5
819,2024-05-23,1
820,2024-05-23,3
821,2024-05-23,3
822,2024-05-23,3
823,2024-05-23,3
824,2024-05-23,4
825,2024-05-23,4
826,2024-05-23,4
827,2024-05-23,4
828,2024-05-24,1
829,2024-05-24,1
830,2024-05-24,1
831,2024-05-24,2
832,2024-05-24,2
833,2024-05-24,3
834,2024-05-24,4
835,2024-05-24,4
836,2024-05-24,5
837,2024-05-24,5
838,2024-05-24,5
839,2024-05-24,5
840,2024-05-25,1
841,2024-05-25,3
842,2024-05-26,3
843,2024-05-26,3
844,2024-05-26,4
845,2024-05-26,4
846,2024-05-27,2
847,2024-05-27,3
848,2024-05-27,3
849,2024-05-27,3
850,2024-05-27,5
851,2024-05-27,5
852,2024-05-28,1
853,2024-05-28,1
854,2024-05-28,1
855,2024-05-28,2
856,2024-05-28,2
857,2024-05-28,2
858,2024-05-28,2
859,2024-05-28,2
860,2024-05-28,4
861,2024-05-28,5
862,2024-05-28,5
863,2024-05-28,5
864,2024-05-28,5
865,2024-05-29,3
866,2024-05-29,3
867,2024-05-29,3
868,2024-05-29,4
869,2024-05-29,5
870,2024-05-30,2
871,2024-05-30,2
872,2024-05-30,2
873,2024-05-30,3
874,2024-05-30,3
875,2024-05-30,3
876,2024-05-31,1
877,2024-05-31,1
878,2024-05-31,2
879,2024-05-31,3
880,2024-05-31,3
881,2024-05-31,3
882,2024-05-31,4
883,2024-05-31,5
884,2024-05-31,5
885,2024-06-01,5
886,2024-06-02,3
887,2024-06-02,3
888,2024-06-02,3
889,2024-06-02,3
890,2024-06-02,4
891,2024-06-02,5
892,2024-06-03,1
893,2024-06-03,1
894,2024-06-03,2
895,2024-06-03,4
896,2024-06-03,4
897,2024-06-03,5
898,2024-06-03,5
899,2024-06-03,5
900,2024-06-03,5
901,2024-06-04,1
902,2024-06-04,4
903,2024-06-04,5
904,2024-06-05,1
905,2024-06-05,1
906,2024-06-05,1
907,2024-06-05,1
908,2024-06-05,1
909,2024-06-05,3
910,2024-06-05,3
911,2024-06-05,3
912,2024-06-05,4
913,2024-06-05,5
914,2024-06-06,2
915,2024-06-06,2
916,2024-06-06,2
917,2024-06-06,3
918,2024-06-06,3
919,2024-06-06,3
920,2024-06-06,4
921,2024-06-06,4
922,2024-06-07,1
923,2024-06-07,1
924,2024-06-07,2
925,2024-06-07,4
926,2024-06-07,4
927,2024-06-07,4
928,2024-06-07,5
929,2024-06-07,5
930,2024-06-07,5
931,2024-06-08,3
932,2024-06-08,5
933,2024-06-09,4
934,2024-06-10,1
935,2024-06-10,1
936,2024-06-10,2
937,2024-06-10,2
938,2024-06-10,3
939,2024-06-10,4
940,2024-06-11,2
941,2024-06-11,2
942,2024-06-11,2
943,2024-06-11,4
944,2024-06-11,4
945,2024-06-11,5
946,2024-06-11,5
947,2024-06-12,1
948,2024-06-12,1
949,2024-06-12,2
950,2024-06-12,2
951,2024-06-12,3
952,2024-06-12,3
953,2024-06-12,5
954,2024-06-13,2
955,2024-06-13,4
956,2024-06-13,4
957,2024-06-14,1
958,2024-06-14,1
959,2024-06-14,1
960,2024-06-14,1
961,2024-06-14,1
962,2024-06-14,1
963,2024-06-14,3
964,2024-06-14,3
965,2024-06-14,3
966,2024-06-14,5
967,2024-06-14,5
968,2024-06-14,5
969,2024-06-15,2
970,2024-06-15,3
971,2024-06-15,4
972,2024-06-15,5
973,2024-06-17,2
974,2024-06-17,3
975,2024-06-17,3
976,2024-06-17,4
977,2024-06-17,5
978,2024-06-17,5
979,2024-06-17,5
980,2024-06-17,5
981,2024-06-18,1
982,2024-06-18,2
983,2024-06-18,2
984,2024-06-18,3
985,2024-06-18,4
986,2024-06-18,4
987,2024-06-18,5
988,2024-06-18,5
989,2024-06-18,5
990,2024-06-19,1
991,2024-06-19,1
992,2024-06-19,1
993,2024-06-19,1
994,2024-06-19,2
995,2024-06-19,4
996,2024-06-19,5
997,2024-06-20,1
998,2024-06-20,1
999,2024-06-20,1
1000,2024-06-20,1
1001,2024-06-20,2
1002,2024-06-20,2
1003,2024-06-20,2
1004,2024-06-20,2
1005,2024-06-20,2
1006,2024-06-20,5
1007,2024-06-20,5
1008,2024-06-21,1
1009,2024-06-21,1
1010,2024-06-21,2
1011,2024-06-21,3
1012,2024-06-21,5
1013,2024-06-21,5
1014,2024-06-24,1
1015,2024-06-24,1
1016,2024-06-24,1
1017,2024-06-24,1
1018,2024-06-24,1
1019,2024-06-24,1
1020,2024-06-24,2
1021,2024-06-24,2
1022,2024-06-24,2
1023,2024-06-24,3
1024,2024-06-24,3
1025,2024-06-24,4
1026,2024-06-24,4
1027,2024-06-24,4
1028,2024-06-24,5
1029,2024-06-25,1
1030,2024-06-25,1
1031,2024-06-25,2
1032,2024-06-25,3
1033,2024-06-25,3
1034,2024-06-25,4
1035,2024-06-25,5
1036,2024-06-25,5
1037,2024-06-25,5
1038,2024-06-26,2
1039,2024-06-26,3
1040,2024-06-26,3
1041,2024-06-26,4
1042,2024-06-26,4
1043,2024-06-26,5
1044,2024-06-26,5
1045,2024-06-26,5
1046,2024-06-27,2
1047,2024-06-27,2
1048,2024-06-27,4
1049,2024-06-27,4
1050,2024-06-27,5
1051,2024-06-27,5
1052,2024-06-28,1
1053,2024-06-28,2
1054,2024-06-28,3
1055,2024-06-28,4
1056,2024-06-28,4
1057,2024-06-28,5
1058,2024-06-28,5
1059,2024-06-30,4
1060,2024-06-30,4
1061,2024-07-01,1
1062,2024-07-01,1
1063,2024-07-01,1
1064,2024-07-01,1
1065,2024-07-01,2
1066,2024-07-01,3
1067,2024-07-01,3
1068,2024-07-01,3
1069,2024-07-01,4
1070,2024-07-01,4
1071,2024-07-01,5
1072,2024-07-02,1
1073,2024-07-02,1
1074,2024-07-02,2
1075,2024-07-02,3
1076,2024-07-02,4
1077,2024-07-02,4
1078,2024-07-02,4
1079,2024-07-02,5
1080,2024-07-03,1
1081,2024-07-03,1
1082,2024-07-03,2
1083,2024-07-03,4
1084,2024-07-04,2
1085,2024-07-04,3
1086,2024-07-04,3
1087,2024-07-04,4
1088,2024-07-04,5
1089,2024-07-04,5
1090,2024-07-04,5
1091,2024-07-05,1
1092,2024-07-05,3
1093,2024-07-05,4
1094,2024-07-05,5
1095,2024-07-06,5
1096,2024-07-07,1
1097,2024-07-08,1
1098,2024-07-08,1
1099,2024-07-08,1
1100,2024-07-08,3
1101,2024-07-08,4
1102,2024-07-09,1
1103,2024-07-09,1
1104,2024-07-09,1
1105,2024-07-09,1
1106,2024-07-09,2
1107,2024-07-09,3
1108,2024-07-09,3
1109,2024-07-09,3
1110,2024-07-09,5
1111,2024-07-09,5
1112,2024-07-10,1
1113,2024-07-10,3
1114,2024-07-10,3
1115,2024-07-10,5
1116,2024-07-11,1
1117,2024-07-11,1
1118,2024-07-11,2
1119,2024-07-11,4
1120,2024-07-11,4
1121,2024-07-12,2
1122,2024-07-12,2
1123,2024-07-12,3
1124,2024-07-12,3
1125,2024-07-12,5
1126,2024-07-13,1
1127,2024-07-13,1
1128,2024-07-13,2
1129,2024-07-13,3
1130,2024-07-14,1
1131,2024-07-14,2
1132,2024-07-14,4
1133,2024-07-15,1
1134,2024-07-15,1
1135,2024-07-15,2
1136,2024-07-15,2
1137,2024-07-15,3
1138,2024-07-15,4
1139,2024-07-16,3
1140,2024-07-16,3
1141,2024-07-16,3
1142,2024-07-16,4
1143,2024-07-16,5
1144,2024-07-17,1
1145,2024-07-17,2
1146,2024-07-17,2
1147,2024-07-17,3
1148,2024-07-17,3
1149,2024-07-17,4
1150,2024-07-17,4
1151,2024-07-17,5
1152,2024-07-17,5
1153,2024-07-17,5
1154,2024-07-17,5
1155,2024-07-18,1
1156,2024-07-18,4
1157,2024-07-18,4
1158,2024-07-18,4
1159,2024-07-18,4
1160,2024-07-18,5
1161,2024-07-18,5
1162,2024-07-18,5
1163,2024-07-19,2
1164,2024-07-19,2
1165,2024-07-21,1
1166,2024-07-21,2
1167,2024-07-21,5
1168,2024-07-22,1
1169,2024-07-22,1
1170,2024-07-22,3
1171,2024-07-22,4
1172,2024-07-22,4
1173,2024-07-22,4
1174,2024-07-22,5
1175,2024-07-22,5
1176,2024-07-22,5
1177,2024-07-23,1
1178,2024-07-23,1
1179,2024-07-23,1
1180,2024-07-23,1
1181,2024-07-23,2
1182,2024-07-23,4
1183,2024-07-23,4
1184,2024-07-23,5
1185,2024-07-23,5
1186,2024-07-23,5
1187,2024-07-24,1
1188,2024-07-24,1
1189,2024-07-24,2
1190,2024-07-24,2
1191,2024-07-24,3
1192,2024-07-24,4
1193,2024-07-24,4
1194,2024-07-24,5
1195,2024-07-24,5
1196,2024-07-24,5
1197,2024-07-24,5
1198,2024-07-25,2
1199,2024-07-25,3
1200,2024-07-25,4
1201,2024-07-25,5
1202,2024-07-26,2
1203,2024-07-26,2
1204,2024-07-26,2
1205,2024-07-26,3
1206,2024-07-26,3
1207,2024-07-26,5
1208,2024-07-26,5
1209,2024-07-28,3
1210,2024-07-28,5
1211,2024-07-29,1
1212,2024-07-29,3
1213,2024-07-29,4
1214,2024-07-29,4
1215,2024-07-29,5
1216,2024-07-29,5
1217,2024-07-30,1
1218,2024-07-30,5
1219,2024-07-30,5
1220,2024-07-30,5
1221,2024-07-31,1
1222,2024-07-31,1
1223,2024-07-31,2
1224,2024-07-31,3
1225,2024-07-31,4
1226,2024-07-31,4
1227,2024-07-31,4
1228,2024-07-31,5
1229,2024-08-01,1
1230,2024-08-01,2
1231,2024-08-01,2
1232,2024-08-01,2
1233,2024-08-01,2
1234,2024-08-01,3
1235,2024-08-01,3
1236,2024-08-01,4
1237,2024-08-01,5
1238,2024-08-02,2
1239,2024-08-02,2
1240,2024-08-02,3
1241,2024-08-02,5
1242,2024-08-03,1
1243,2024-08-03,3
1244,2024-08-04,1
1245,2024-08-04,2
1246,2024-08-04,4
1247,2024-08-05,1
1248,2024-08-05,1
1249,2024-08-05,2
1250,2024-08-05,2
1251,2024-08-05,2
1252,2024-08-05,2
1253,2024-08-05,3
1254,2024-08-05,4
1255,2024-08-05,4
1256,2024-08-05,5
1257,2024-08-06,1
1258,2024-08-06,3
1259,2024-08-06,3
1260,2024-08-06,4
1261,2024-08-06,5
1262,2024-08-06,5
1263,2024-08-06,5
1264,2024-08-07,1
1265,2024-08-07,1
1266,2024-08-07,2
1267,2024-08-07,3
1268,2024-08-07,3
1269,2024-08-07,4
1270,2024-08-08,1
1271,2024-08-08,1
1272,2024-08-08,3
1273,2024-08-08,4
1274,2024-08-08,5
1275,2024-08-09,1
1276,2024-08-09,1
1277,2024-08-09,1
1278,2024-08-09,3
1279,2024-08-09,3
1280,2024-08-10,4
1281,2024-08-10,5
1282,2024-08-11,1
1283,2024-08-11,5
1284,2024-08-11,5
1285,2024-08-12,1
1286,2024-08-12,1
1287,2024-08-12,1
1288,2024-08-12,2
1289,2024-08-12,4
1290,2024-08-12,5
1291,2024-08-12,5
1292,2024-08-12,5
1293,2024-08-13,2
1294,2024-08-13,3
1295,2024-08-13,4
1296,2024-08-13,4
1297,2024-08-13,5
1298,2024-08-14,1
1299,2024-08-14,3
1300,2024-08-14,3
1301,2024-08-14,4
1302,2024-08-14,4
1303,2024-08-14,5
1304,2024-08-14,5
1305,2024-08-15,1
1306,2024-08-15,2
1307,2024-08-15,3
1308,2024-08-16,1
1309,2024-08-16,1
1310,2024-08-16,2
1311,2024-08-16,2
1312,2024-08-16,3
1313,2024-08-16,3
1314,2024-08-16,3
1315,2024-08-16,4
1316,2024-08-16,4
1317,2024-08-16,4
1318,2024-08-18,5
1319,2024-08-18,5
1320,2024-08-19,1
1321,2024-08-19,2
1322,2024-08-19,2
1323,2024-08-19,3
1324,2024-08-19,5
1325,2024-08-20,1
1326,2024-08-20,1
1327,2024-08-20,2
1328,2024-08-20,3
1329,2024-08-20,3
1330,2024-08-20,3
1331,2024-08-20,5
1332,2024-08-20,5
1333,2024-08-20,5
1334,2024-08-21,1
1335,2024-08-21,3
1336,2024-08-21,3
1337,2024-08-21,5
1338,2024-08-21,5
1339,2024-08-22,1
1340,2024-08-22,2
1341,2024-08-22,2
1342,2024-08-22,2
1343,2024-08-22,2
1344,2024-08-22,2
1345,2024-08-22,2
1346,2024-08-22,3
1347,2024-08-23,1
1348,2024-08-23,1
1349,2024-08-23,2
1350,2024-08-23,2
1351,2024-08-23,3
1352,2024-08-23,3
1353,2024-08-23,5
1354,2024-08-23,5
1355,2024-08-24,3
1356,2024-08-24,5
1357,2024-08-24,5
1358,2024-08-25,3
1359,2024-08-25,4
1360,2024-08-26,1
1361,2024-08-26,1
1362,2024-08-26,1
1363,2024-08-26,2
1364,2024-08-26,2
1365,2024-08-26,2
1366,2024-08-26,4
1367,2024-08-26,4
1368,2024-08-27,1
1369,2024-08-27,1
1370,2024-08-27,2
1371,2024-08-27,2
1372,2024-08-27,4
1373,2024-08-27,5
1374,2024-08-27,5
1375,2024-08-27,5
1376,2024-08-27,5
1377,2024-08-28,2
1378,2024-08-28,2
1379,2024-08-28,3
1380,2024-08-28,4
1381,2024-08-28,4
1382,2024-08-28,5
1383,2024-08-29,2
1384,2024-08-29,2
1385,2024-08-29,3
1386,2024-08-29,4
1387,2024-08-29,5
1388,2024-08-30,1
1389,2024-08-30,1
1390,2024-08-30,2
1391,2024-08-30,2
1392,2024-08-30,3
1393,2024-08-30,4
1394,2024-08-30,4
1395,2024-08-30,4
1396,2024-08-30,4
1397,2024-08-30,4
1398,2024-08-30,5
1399,2024-08-30,5
1400,2024-08-30,5
1401,2024-08-31,2
1402,2024-08-31,4
1403,2024-08-31,4
1404,2024-09-01,2
1405,2024-09-01,5
1406,2024-09-02,1
1407,2024-09-02,2
1408,2024-09-02,4
1409,2024-09-02,5
1410,2024-09-02,5
1411,2024-09-03,1
1412,2024-09-03,2
1413,2024-09-03,2
1414,2024-09-03,2
1415,2024-09-03,3
1416,2024-09-03,4
1417,2024-09-03,5
1418,2024-09-04,1
1419,2024-09-04,1
1420,2024-09-04,2
1421,2024-09-04,3
1422,2024-09-04,4
1423,2024-09-04,4
1424,2024-09-05,1
1425,2024-09-05,1
1426,2024-09-05,1
1427,2024-09-05,1
1428,2024-09-05,2
1429,2024-09-05,2
1430,2024-09-05,2
1431,2024-09-05,3
1432,2024-09-05,4
1433,2024-09-05,4
1434,2024-09-05,4
1435,2024-09-06,2
1436,2024-09-06,2
1437,2024-09-06,4
1438,2024-09-06,5
1439,2024-09-07,1
1440,2024-09-07,4
1441,2024-09-08,4
1442,2024-09-08,4
1443,2024-09-08,5
1444,2024-09-09,2
1445,2024-09-09,2
1446,2024-09-09,3
1447,2024-09-09,3
1448,2024-09-10,2
1449,2024-09-10,3
1450,2024-09-10,3
1451,2024-09-10,3
1452,2024-09-10,4
1453,2024-09-11,1
1454,2024-09-11,1
1455,2024-09-11,2
1456,2024-09-11,3
1457,2024-09-11,4
1458,2024-09-11,4
1459,2024-09-11,5
1460,2024-09-11,5
1461,2024-09-12,1
1462,2024-09-12,2
1463,2024-09-12,3
1464,2024-09-12,4
1465,2024-09-12,5
1466,2024-09-13,1
1467,2024-09-13,2
1468,2024-09-13,5
1469,2024-09-14,2
1470,2024-09-14,5
1471,2024-09-15,3
1472,2024-09-15,3
1473,2024-09-15,5
1474,2024-09-16,1
1475,2024-09-16,1
1476,2024-09-16,1
1477,2024-09-16,2
1478,2024-09-16,3
1479,2024-09-16,3
1480,2024-09-16,4
1481,2024-09-16,5
1482,2024-09-17,1
1483,2024-09-17,2
1484,2024-09-17,2
1485,2024-09-17,3
1486,2024-09-17,4
1487,2024-09-17,4
1488,2024-09-17,4
1489,2024-09-17,5
1490,2024-09-17,5
1491,2024-09-17,5
1492,2024-09-18,1
1493,2024-09-18,1
1494,2024-09-18,2
1495,2024-09-18,3
1496,2024-09-18,3
1497,2024-09-18,3
1498,2024-09-18,3
1499,2024-09-18,4
1500,2024-09-18,4
1501,2024-09-18,5
1502,2024-09-19,2
1503,2024-09-19,2
1504,2024-09-19,3
1505,2024-09-19,3
1506,2024-09-19,3
1507,2024-09-19,3
1508,2024-09-19,4
1509,2024-09-19,4
1510,2024-09-19,5
1511,2024-09-20,1
1512,2024-09-20,3
1513,2024-09-20,4
1514,2024-09-20,4
1515,2024-09-20,5
1516,2024-09-21,2
1517,2024-09-21,5
1518,2024-09-21,5
1519,2024-09-22,3
1520,2024-09-22,5
1521,2024-09-22,5
1522,2024-09-23,2
1523,2024-09-23,2
1524,2024-09-23,2
1525,2024-09-23,3
1526,2024-09-23,3
1527,2024-09-24,1
1528,2024-09-24,1
1529,2024-09-24,2
1530,2024-09-24,4
1531,2024-09-24,4
1532,2024-09-24,5
1533,2024-09-24,5
1534,2024-09-25,2
1535,2024-09-25,2
1536,2024-09-25,3
1537,2024-09-25,4
1538,2024-09-25,4
1539,2024-09-25,5
1540,2024-09-25,5
1541,2024-09-26,2
1542,2024-09-26,5
1543,2024-09-26,5
1544,2024-09-27,1
1545,2024-09-27,2
1546,2024-09-27,2
1547,2024-09-27,2
1548,2024-09-27,3
1549,2024-09-27,3
1550,2024-09-27,3
1551,2024-09-27,4
1552,2024-09-27,5
1553,2024-09-29,2
1554,2024-09-29,3
1555,2024-09-29,5
1556,2024-09-30,1
1557,2024-09-30,3
1558,2024-09-30,4
1559,2024-09-30,5
1560,2024-10-01,1
1561,2024-10-01,1
1562,2024-10-01,2
1563,2024-10-01,2
1564,2024-10-01,3
1565,2024-10-01,4
1566,2024-10-01,4
1567,2024-10-01,5
1568,2024-10-02,1
1569,2024-10-02,2
1570,2024-10-02,2
1571,2024-10-02,2
1572,2024-10-02,3
1573,2024-10-02,4
1574,2024-10-02,4
1575,2024-10-03,1
1576,2024-10-03,1
1577,2024-10-03,1
1578,2024-10-03,1
1579,2024-10-03,2
1580,2024-10-03,2
1581,2024-10-03,4
1582,2024-10-03,5
1583,2024-10-04,1
1584,2024-10-04,1
1585,2024-10-04,2
1586,2024-10-04,3
1587,2024-10-04,3
1588,2024-10-04,4
1589,2024-10-04,5
1590,2024-10-05,2
1591,2024-10-05,3
1592,2024-10-05,5
1593,2024-10-06,2
1594,2024-10-06,5
1595,2024-10-06,5
1596,2024-10-07,1
1597,2024-10-07,1
1598,2024-10-07,2
1599,2024-10-07,2
1600,2024-10-07,2
1601,2024-10-07,5
1602,2024-10-07,5
1603,2024-10-07,5
1604,2024-10-07,5
1605,2024-10-08,1
1606,2024-10-08,1
1607,2024-10-08,3
1608,2024-10-09,1
1609,2024-10-09,1
1610,2024-10-09,2
1611,2024-10-09,3
1612,2024-10-09,4
1613,2024-10-09,4
1614,2024-10-09,4
1615,2024-10-10,1
1616,2024-10-10,1
1617,2024-10-10,2
1618,2024-10-10,3
1619,2024-10-10,5
1620,2024-10-10,5
1621,2024-10-11,1
1622,2024-10-12,2
1623,2024-10-12,3
1624,2024-10-13,2
1625,2024-10-13,3
1626,2024-10-13,5
1627,2024-10-14,1
1628,2024-10-14,1
1629,2024-10-14,2
1630,2024-10-14,4
1631,2024-10-14,4
1632,2024-10-14,5
1633,2024-10-14,5
1634,2024-10-14,5
1635,2024-10-15,2
1636,2024-10-15,2
1637,2024-10-15,2
1638,2024-10-15,2
1639,2024-10-15,2
1640,2024-10-15,5
1641,2024-10-15,5
1642,2024-10-15,5
1643,2024-10-16,3
1644,2024-10-16,3
1645,2024-10-16,3
1646,2024-10-16,4
1647,2024-10-16,4
1648,2024-10-16,5
1649,2024-10-17,1
1650,2024-10-17,2
1651,2024-10-17,2
1652,2024-10-17,2
1653,2024-10-17,2
1654,2024-10-17,3
1655,2024-10-17,3
1656,2024-10-17,5
1657,2024-10-18,2
1658,2024-10-18,3
1659,2024-10-18,3
1660,2024-10-18,4
1661,2024-10-18,5
1662,2024-10-19,1
1663,2024-10-19,3
1664,2024-10-19,4
1665,2024-10-19,4
1666,2024-10-19,5
1667,2024-10-21,1
1668,2024-10-21,1
1669,2024-10-21,3
1670,2024-10-21,5
1671,2024-10-21,5
1672,2024-10-22,1
1673,2024-10-22,1
1674,2024-10-22,2
1675,2024-10-22,4
1676,2024-10-22,4
1677,2024-10-22,4
1678,2024-10-22,5
1679,2024-10-23,2
1680,2024-10-23,2
1681,2024-10-23,2
1682,2024-10-23,3
1683,2024-10-23,4
1684,2024-10-23,5
1685,2024-10-24,1
1686,2024-10-24,2
1687,2024-10-24,2
1688,2024-10-24,2
1689,2024-10-24,3
1690,2024-10-24,3
1691,2024-10-24,3
1692,2024-10-24,3
1693,2024-10-24,4
1694,2024-10-24,4
1695,2024-10-24,5
1696,2024-10-25,1
1697,2024-10-25,1
1698,2024-10-25,1
1699,2024-10-25,1
1700,2024-10-25,2
1701,2024-10-25,3
1702,2024-10-25,3
1703,2024-10-25,3
1704,2024-10-25,3
1705,2024-10-25,5
1706,2024-10-26,1
1707,2024-10-26,2
1708,2024-10-26,4
1709,2024-10-26,4
1710,2024-10-27,1
1711,2024-10-27,5
1712,2024-10-28,1
1713,2024-10-28,2
1714,2024-10-28,3
1715,2024-10-28,5
1716,2024-10-28,5
1717,2024-10-29,1
1718,2024-10-29,3
1719,2024-10-30,1
1720,2024-10-30,5
1721,2024-10-30,5
1722,2024-10-31,1
1723,2024-10-31,1
1724,2024-10-31,2
1725,2024-10-31,4
1726,2024-10-31,4
1727,2024-10-31,5
1728,2024-10-31,5
1729,2024-11-01,1
1730,2024-11-01,1
1731,2024-11-01,3
1732,2024-11-01,4
1733,2024-11-01,4
1734,2024-11-01,5
1735,2024-11-01,5
1736,2024-11-02,2
1737,2024-11-02,2
1738,2024-11-02,3
1739,2024-11-03,4
1740,2024-11-04,1
1741,2024-11-04,1
1742,2024-11-04,2
1743,2024-11-04,4
1744,2024-11-04,4
1745,2024-11-04,5
1746,2024-11-04,5
1747,2024-11-05,1
1748,2024-11-05,1
1749,2024-11-05,2
1750,2024-11-05,3
1751,2024-11-05,4
1752,2024-11-06,1
1753,2024-11-06,1
1754,2024-11-06,1
1755,2024-11-06,2
1756,2024-11-06,2
1757,2024-11-06,2
1758,2024-11-06,4
1759,2024-11-06,5
1760,2024-11-07,1
1761,2024-11-07,1
1762,2024-11-07,2
1763,2024-11-07,3
1764,2024-11-07,3
1765,2024-11-07,3
1766,2024-11-07,4
1767,2024-11-07,4
1768,2024-11-07,4
1769,2024-11-07,5
1770,2024-11-07,5
1771,2024-11-08,1
1772,2024-11-08,3
1773,2024-11-08,3
1774,2024-11-08,5
1775,2024-11-08,5
1776,2024-11-09,1
1777,2024-11-09,1
1778,2024-11-09,2
1779,2024-11-10,2
1780,2024-11-11,1
1781,2024-11-11,1
1782,2024-11-11,2
1783,2024-11-11,3
1784,2024-11-11,3
1785,2024-11-11,3
1786,2024-11-11,4
1787,2024-11-11,5
1788,2024-11-11,5
1789,2024-11-11,5
1790,2024-11-11,5
1791,2024-11-12,2
1792,2024-11-12,3
1793,2024-11-12,3
1794,2024-11-12,4
1795,2024-11-12,4
1796,2024-11-12,5
1797,2024-11-13,3
1798,2024-11-13,3
1799,2024-11-13,4
1800,2024-11-13,4
1801,2024-11-14,1
1802,2024-11-14,1
1803,2024-11-14,1
1804,2024-11-14,1
1805,2024-11-14,2
1806,2024-11-14,2
1807,2024-11-14,3
1808,2024-11-14,4
1809,2024-11-14,4
1810,2024-11-14,5
1811,2024-11-15,1
1812,2024-11-15,1
1813,2024-11-15,1
1814,2024-11-15,2
1815,2024-11-15,2
1816,2024-11-15,2
1817,2024-11-15,3
1818,2024-11-15,4
1819,2024-11-15,5
1820,2024-11-16,2
1821,2024-11-16,3
1822,2024-11-16,4
1823,2024-11-16,4
1824,2024-11-16,4
1825,2024-11-17,5
1826,2024-11-18,1
1827,2024-11-18,1
1828,2024-11-18,2
1829,2024-11-18,2
1830,2024-11-18,2
1831,2024-11-18,2
1832,2024-11-18,3
1833,2024-11-18,3
1834,2024-11-18,3
1835,2024-11-18,4
1836,2024-11-18,4
1837,2024-11-18,4
1838,2024-11-18,5
1839,2024-11-19,2
1840,2024-11-19,2
1841,2024-11-19,3
1842,2024-11-19,4
1843,2024-11-19,4
1844,2024-11-19,5
1845,2024-11-20,1
1846,2024-11-20,1
1847,2024-11-20,2
1848,2024-11-20,2
1849,2024-11-20,3
1850,2024-11-20,4
1851,2024-11-20,4
1852,2024-11-20,5
1853,2024-11-21,1
1854,2024-11-21,1
1855,2024-11-21,1
1856,2024-11-21,2
1857,2024-11-21,3
1858,2024-11-21,5
1859,2024-11-21,5
1860,2024-11-21,5
1861,2024-11-21,5
1862,2024-11-22,1
1863,2024-11-22,1
1864,2024-11-22,2
1865,2024-11-22,2
1866,2024-11-22,2
1867,2024-11-22,2
1868,2024-11-22,3
1869,2024-11-22,5
1870,2024-11-23,5
1871,2024-11-24,1
1872,2024-11-24,1
1873,2024-11-24,5
1874,2024-11-25,1
1875,2024-11-25,1
1876,2024-11-25,1
1877,2024-11-25,2
1878,2024-11-25,2
1879,2024-11-25,3
1880,2024-11-25,5
1881,2024-11-25,5
1882,2024-11-25,5
1883,2024-11-25,5
1884,2024-11-26,2
1885,2024-11-26,2
1886,2024-11-26,3
1887,2024-11-26,4
1888,2024-11-26,5
1889,2024-11-26,5
1890,2024-11-27,1
1891,2024-11-27,2
1892,2024-11-27,2
1893,2024-11-27,3
1894,2024-11-27,4
1895,2024-11-27,4
1896,2024-11-27,5
1897,2024-11-27,5
1898,2024-11-27,5
1899,2024-11-27,5
1900,2024-11-28,1
1901,2024-11-28,2
1902,2024-11-28,3
1903,2024-11-28,5
1904,2024-11-28,5
1905,2024-11-28,5
1906,2024-11-29,1
1907,2024-11-29,2
1908,2024-11-29,2
1909,2024-11-29,4
1910,2024-11-29,4
1911,2024-11-29,5
1912,2024-11-29,5
1913,2024-11-30,1
1914,2024-12-01,2
1915,2024-12-01,3
1916,2024-12-01,5
1917,2024-12-02,1
1918,2024-12-02,2
1919,2024-12-02,2
1920,2024-12-02,3
1921,2024-12-02,4
1922,2024-12-02,4
1923,2024-12-02,5
1924,2024-12-03,2
1925,2024-12-03,3
1926,2024-12-03,4
1927,2024-12-03,5
1928,2024-12-03,5
1929,2024-12-03,5
1930,2024-12-03,5
1931,2024-12-04,1
1932,2024-12-04,1
1933,2024-12-04,2
1934,2024-12-04,3
1935,2024-12-04,5
1936,2024-12-04,5
1937,2024-12-04,5
1938,2024-12-05,1
1939,2024-12-05,1
1940,2024-12-05,2
1941,2024-12-05,2
1942,2024-12-05,2
1943,2024-12-05,3
1944,2024-12-05,4
1945,2024-12-05,4
1946,2024-12-05,4
1947,2024-12-05,5
1948,2024-12-05,5
1949,2024-12-05,5
1950,2024-12-05,5
1951,2024-12-06,1
1952,2024-12-06,2
1953,2024-12-06,2
1954,2024-12-06,3
1955,2024-12-06,3
1956,2024-12-06,4
1957,2024-12-06,4
1958,2024-12-07,1
1959,2024-12-08,3
1960,2024-12-08,5
1961,2024-12-09,1
1962,2024-12-09,3
1963,2024-12-09,3
1964,2024-12-09,3
1965,2024-12-09,5
1966,2024-12-09,5
1967,2024-12-10,2
1968,2024-12-10,4
1969,2024-12-10,4
1970,2024-12-10,4
1971,2024-12-10,4
1972,2024-12-10,4
1973,2024-12-10,5
1974,2024-12-10,5
1975,2024-12-11,1
1976,2024-12-11,1
1977,2024-12-11,2
1978,2024-12-11,2
1979,2024-12-11,3
1980,2024-12-11,4
1981,2024-12-11,4
1982,2024-12-11,4
1983,2024-12-11,5
1984,2024-12-11,5
1985,2024-12-11,5
1986,2024-12-11,5
1987,2024-12-12,1
1988,2024-12-12,1
1989,2024-12-12,1
1990,2024-12-12,2
1991,2024-12-12,2
1992,2024-12-12,3
1993,2024-12-12,3
1994,2024-12-12,3
1995,2024-12-12,5
1996,2024-12-13,1
1997,2024-12-13,1
1998,2024-12-13,1
1999,2024-12-13,1
2000,2024-12-13,2
2001,2024-12-13,2
2002,2024-12-13,3
2003,2024-12-13,4
2004,2024-12-13,4
2005,2024-12-14,1
2006,2024-12-15,1
2007,2024-12-15,3
2008,2024-12-15,4
2009,2024-12-15,5
2010,2024-12-16,1
2011,2024-12-16,4
2012,2024-12-16,4
2013,2024-12-16,5
2014,2024-12-16,5
2015,2024-12-16,5
2016,2024-12-17,1
2017,2024-12-17,2
2018,2024-12-17,2
2019,2024-12-17,4
2020,2024-12-17,4
2021,2024-12-17,5
2022,2024-12-17,5
2023,2024-12-17,5
2024,2024-12-18,1
2025,2024-12-18,3
2026,2024-12-18,4
2027,2024-12-18,4
2028,2024-12-18,5
2029,2024-12-19,1
2030,2024-12-19,1
2031,2024-12-19,2
2032,2024-12-19,3
2033,2024-12-19,3
2034,2024-12-19,4
2035,2024-12-20,1
2036,2024-12-20,1
2037,2024-12-20,1
2038,2024-12-20,2
2039,2024-12-20,3
2040,2024-12-20,4
2041,2024-12-20,5
2042,2024-12-21,2
2043,2024-12-21,3
2044,2024-12-21,5
2045,2024-12-22,1
2046,2024-12-22,5
2047,2024-12-22,5
2048,2024-12-23,1
2049,2024-12-23,3
2050,2024-12-23,3
2051,2024-12-23,3
2052,2024-12-23,4
2053,2024-12-23,4
2054,2024-12-23,5
2055,2024-12-23,5
2056,2024-12-24,1
2057,2024-12-24,2
2058,2024-12-24,2
2059,2024-12-24,2
2060,2024-12-24,3
2061,2024-12-24,3
2062,2024-12-25,1
2063,2024-12-25,2
2064,2024-12-25,3
2065,2024-12-25,4
2066,2024-12-25,4
2067,2024-12-25,5
2068,2024-12-25,5
2069,2024-12-25,5
2070,2024-12-26,1
2071,2024-12-26,1
2072,2024-12-26,2
2073,2024-12-26,2
2074,2024-12-26,3
2075,2024-12-26,3
2076,2024-12-26,4
2077,2024-12-26,4
2078,2024-12-26,4
2079,2024-12-27,1
2080,2024-12-27,3
2081,2024-12-27,4
2082,2024-12-27,4
2083,2024-12-27,5
2084,2024-12-28,2
2085,2024-12-28,3
2086,2024-12-28,4
2087,2024-12-29,2
2088,2024-12-30,1
2089,2024-12-30,2
2090,2024-12-30,2
2091,2024-12-30,2
2092,2024-12-30,2
2093,2024-12-30,4
2094,2024-12-30,4
2095,2024-12-30,4
2096,2024-12-30,4
2097,2024-12-31,1
2098,2024-12-31,1
2099,2024-12-31,2
2100,2024-12-31,2
2101,2024-12-31,3
2102,2024-12-31,3
2103,2024-12-31,4
2104,2024-12-31,4
2105,2024-12-31,5
2106,2025-01-01,1
2107,2025-01-01,2
2108,2025-01-01,3
2109,2025-01-01,3
2110,2025-01-01,4
2111,2025-01-01,4
2112,2025-01-01,4
2113,2025-01-01,4
2114,2025-01-01,5
2115,2025-01-01,5
2116,2025-01-02,1
2117,2025-01-02,5
2118,2025-01-02,5
2119,2025-01-02,5
2120,2025-01-03,2
2121,2025-01-03,3
2122,2025-01-03,4
2123,2025-01-03,4
2124,2025-01-03,5
2125,2025-01-03,5
2126,2025-01-04,3
2127,2025-01-04,5
2128,2025-01-04,5
2129,2025-01-05,1
2130,2025-01-05,5
2131,2025-01-06,1
2132,2025-01-06,1
2133,2025-01-06,1
2134,2025-01-06,2
2135,2025-01-06,3
2136,2025-01-06,3
2137,2025-01-06,4
2138,2025-01-06,4
2139,2025-01-06,5
2140,2025-01-06,5
2141,2025-01-07,2
2142,2025-01-07,3
2143,2025-01-07,3
2144,2025-01-07,4
2145,2025-01-07,4
2146,2025-01-07,5
2147,2025-01-08,1
2148,2025-01-08,2
2149,2025-01-08,2
2150,2025-01-08,2
2151,2025-01-08,3
2152,2025-01-08,3
2153,2025-01-08,5
2154,2025-01-08,5
2155,2025-01-08,5
2156,2025-01-08,5
2157,2025-01-09,2
2158,2025-01-09,3
2159,2025-01-09,4
2160,2025-01-09,4
2161,2025-01-09,5
2162,2025-01-09,5
2163,2025-01-10,5
2164,2025-01-11,1
2165,2025-01-11,4
2166,2025-01-12,3
2167,2025-01-12,5
2168,2025-01-12,5
2169,2025-01-13,1
2170,2025-01-13,1
2171,2025-01-13,3
2172,2025-01-13,3
2173,2025-01-13,3
2174,2025-01-13,4
2175,2025-01-13,4
2176,2025-01-13,5
2177,2025-01-13,5
2178,2025-01-13,5
2179,2025-01-14,1
2180,2025-01-14,3
2181,2025-01-14,4
2182,2025-01-14,4
2183,2025-01-14,5
2184,2025-01-14,5
2185,2025-01-14,5
2186,2025-01-14,5
2187,2025-01-15,1
2188,2025-01-15,1
2189,2025-01-15,1
2190,2025-01-15,2
2191,2025-01-15,3
2192,2025-01-15,3
2193,2025-01-15,4
2194,2025-01-15,4
2195,2025-01-15,5
2196,2025-01-16,2
2197,2025-01-16,2
2198,2025-01-16,2
2199,2025-01-16,3
2200,2025-01-16,4
2201,2025-01-16,4
2202,2025-01-17,1
2203,2025-01-17,1
2204,2025-01-17,2
2205,2025-01-17,2
2206,2025-01-17,3
2207,2025-01-17,3
2208,2025-01-17,4
2209,2025-01-17,5
2210,2025-01-18,3
2211,2025-01-18,3
2212,2025-01-18,4
2213,2025-01-18,4
2214,2025-01-18,5
2215,2025-01-18,5
2216,2025-01-19,1
2217,2025-01-19,2
2218,2025-01-19,3
2219,2025-01-20,1
2220,2025-01-20,1
2221,2025-01-20,1
2222,2025-01-20,1
2223,2025-01-20,2
2224,2025-01-20,2
2225,2025-01-20,3
2226,2025-01-20,3
2227,2025-01-20,5
2228,2025-01-21,1
2229,2025-01-21,2
2230,2025-01-21,3
2231,2025-01-21,4
2232,2025-01-21,4
2233,2025-01-21,4
2234,2025-01-21,5
2235,2025-01-21,5
2236,2025-01-22,1
2237,2025-01-22,1
2238,2025-01-22,2
2239,2025-01-22,3
2240,2025-01-22,5
2241,2025-01-23,2
2242,2025-01-23,2
2243,2025-01-23,2
2244,2025-01-23,3
2245,2025-01-23,3
2246,2025-01-23,3
2247,2025-01-23,4
2248,2025-01-23,4
2249,2025-01-23,4
2250,2025-01-23,4
2251,2025-01-23,5
2252,2025-01-23,5
2253,2025-01-24,1
2254,2025-01-24,2
2255,2025-01-24,2
2256,2025-01-24,2
2257,2025-01-24,3
2258,2025-01-24,3
2259,2025-01-24,4
2260,2025-01-24,4
2261,2025-01-24,4
2262,2025-01-26,1
2263,2025-01-26,2
2264,2025-01-26,3
2265,2025-01-26,5
2266,2025-01-27,1
2267,2025-01-27,1
2268,2025-01-27,2
2269,2025-01-27,3
2270,2025-01-27,3
2271,2025-01-27,4
2272,2025-01-28,1
2273,2025-01-28,2
2274,2025-01-28,4
2275,2025-01-29,1
2276,2025-01-29,1
2277,2025-01-29,2
2278,2025-01-29,3
2279,2025-01-29,3
2280,2025-01-29,4
2281,2025-01-29,4
2282,2025-01-29,5
2283,2025-01-29,5
2284,2025-01-30,1
2285,2025-01-30,2
2286,2025-01-30,3
2287,2025-01-30,4
2288,2025-01-30,4
2289,2025-01-30,4
2290,2025-01-30,5
2291,2025-01-30,5
2292,2025-01-30,5
2293,2025-01-31,2
2294,2025-01-31,3
2295,2025-01-31,4
2296,2025-01-31,4
2297,2025-01-31,5
2298,2025-01-31,5
2299,2025-02-01,2
2300,2025-02-01,5
2301,2025-02-01,5
2302,2025-02-02,1
2303,2025-02-02,2
2304,2025-02-02,3
2305,2025-02-03,4
2306,2025-02-03,4
2307,2025-02-03,5
2308,2025-02-03,5
2309,2025-02-03,5
2310,2025-02-04,1
2311,2025-02-04,1
2312,2025-02-04,1
2313,2025-02-04,3
2314,2025-02-04,3
2315,2025-02-04,3
2316,2025-02-04,3
2317,2025-02-04,4
2318,2025-02-04,4
2319,2025-02-04,5
2320,2025-02-05,2
2321,2025-02-05,2
2322,2025-02-05,3
2323,2025-02-05,5
2324,2025-02-06,2
2325,2025-02-06,2
2326,2025-02-06,3
2327,2025-02-06,3
2328,2025-02-06,4
2329,2025-02-06,5
2330,2025-02-07,1
2331,2025-02-07,1
2332,2025-02-07,1
2333,2025-02-07,2
2334,2025-02-07,2
2335,2025-02-07,2
2336,2025-02-07,2
2337,2025-02-07,3
2338,2025-02-07,3
2339,2025-02-07,3
2340,2025-02-07,5
2341,2025-02-09,1
2342,2025-02-09,1
2343,2025-02-10,1
2344,2025-02-10,1
2345,2025-02-10,2
2346,2025-02-10,3
2347,2025-02-10,3
2348,2025-02-10,4
2349,2025-02-10,4
2350,2025-02-10,4
2351,2025-02-10,5
2352,2025-02-11,1
2353,2025-02-11,1
2354,2025-02-11,1
2355,2025-02-11,2
2356,2025-02-11,2
2357,2025-02-11,2
2358,2025-02-11,2
2359,2025-02-11,5
2360,2025-02-12,1
2361,2025-02-12,2
2362,2025-02-12,2
2363,2025-02-12,2
2364,2025-02-12,3
2365,2025-02-12,3
2366,2025-02-12,3
2367,2025-02-12,5
2368,2025-02-13,2
2369,2025-02-13,3
2370,2025-02-13,3
2371,2025-02-13,3
2372,2025-02-13,4
2373,2025-02-13,4
2374,2025-02-13,4
2375,2025-02-13,4
2376,2025-02-13,4
2377,2025-02-13,5
2378,2025-02-14,1
2379,2025-02-14,1
2380,2025-02-14,2
2381,2025-02-14,3
2382,2025-02-14,3
2383,2025-02-14,4
2384,2025-02-14,4
2385,2025-02-14,4
2386,2025-02-14,4
2387,2025-02-14,5
2388,2025-02-15,1
2389,2025-02-15,4
2390,2025-02-15,5
2391,2025-02-16,1
2392,2025-02-16,2
2393,2025-02-16,3
2394,2025-02-17,1
2395,2025-02-17,1
2396,2025-02-17,1
2397,2025-02-17,1
2398,2025-02-17,1
2399,2025-02-17,2
2400,2025-02-17,3
2401,2025-02-17,3
2402,2025-02-18,1
2403,2025-02-18,2
2404,2025-02-18,2
2405,2025-02-18,2
2406,2025-02-18,3
2407,2025-02-19,1
2408,2025-02-19,1
2409,2025-02-19,2
2410,2025-02-19,3
2411,2025-02-19,4
2412,2025-02-19,5
2413,2025-02-19,5
2414,2025-02-19,5
2415,2025-02-20,2
2416,2025-02-20,2
2417,2025-02-20,3
2418,2025-02-20,3
2419,2025-02-20,4
2420,2025-02-20,5
2421,2025-02-20,5
2422,2025-02-21,1
2423,2025-02-21,2
2424,2025-02-21,2
2425,2025-02-21,2
2426,2025-02-21,2
2427,2025-02-21,3
2428,2025-02-21,4
2429,2025-02-21,5
2430,2025-02-21,5
2431,2025-02-21,5
2432,2025-02-21,5
2433,2025-02-22,1
2434,2025-02-22,2
2435,2025-02-22,3
2436,2025-02-22,4
2437,2025-02-23,3
2438,2025-02-23,5
2439,2025-02-24,1
2440,2025-02-24,1
2441,2025-02-24,2
2442,2025-02-24,2
2443,2025-02-24,3
2444,2025-02-24,3
2445,2025-02-24,5
2446,2025-02-25,2
2447,2025-02-25,4
2448,2025-02-26,1
2449,2025-02-26,1
2450,2025-02-26,2
2451,2025-02-26,2
2452,2025-02-26,4
2453,2025-02-26,4
2454,2025-02-26,5
2455,2025-02-27,1
2456,2025-02-27,2
2457,2025-02-27,2
2458,2025-02-27,3
2459,2025-02-27,3
2460,2025-02-27,4
2461,2025-02-27,5
2462,2025-02-28,1
2463,2025-02-28,2
2464,2025-02-28,3
2465,2025-02-28,3
2466,2025-02-28,3
2467,2025-02-28,4
2468,2025-02-28,4
2469,2025-02-28,5
2470,2025-02-28,5
2471,2025-03-01,1
2472,2025-03-01,1
2473,2025-03-01,2
2474,2025-03-01,5
2475,2025-03-02,3
2476,2025-03-02,3
2477,2025-03-03,1
2478,2025-03-03,1
2479,2025-03-03,2
2480,2025-03-03,3
2481,2025-03-03,3
2482,2025-03-03,3
2483,2025-03-03,3
2484,2025-03-03,4
2485,2025-03-03,4
2486,2025-03-03,4
2487,2025-03-03,5
2488,2025-03-04,1
2489,2025-03-04,2
2490,2025-03-04,2
2491,2025-03-04,2
2492,2025-03-04,3
2493,2025-03-04,3
2494,2025-03-04,3
2495,2025-03-04,4
2496,2025-03-04,4
2497,2025-03-04,5
2498,2025-03-04,5
2499,2025-03-05,2
2500,2025-03-05,2
2501,2025-03-05,2
2502,2025-03-05,2
2503,2025-03-05,4
2504,2025-03-05,4
2505,2025-03-05,5
2506,2025-03-05,5
2507,2025-03-05,5
2508,2025-03-06,2
2509,2025-03-07,1
2510,2025-03-07,1
2511,2025-03-07,1
2512,2025-03-07,1
2513,2025-03-07,3
2514,2025-03-07,3
2515,2025-03-07,4
2516,2025-03-07,4
2517,2025-03-07,4
2518,2025-03-07,5
2519,2025-03-08,3
2520,2025-03-08,4
2521,2025-03-08,4
2522,2025-03-09,2
2523,2025-03-09,4
2524,2025-03-10,1
2525,2025-03-10,1
2526,2025-03-10,2
2527,2025-03-10,2
2528,2025-03-10,2
2529,2025-03-10,3
2530,2025-03-11,2
2531,2025-03-11,2
2532,2025-03-11,4
2533,2025-03-11,5
2534,2025-03-12,1
2535,2025-03-12,1
2536,2025-03-12,3
2537,2025-03-12,4
2538,2025-03-12,4
2539,2025-03-12,4
2540,2025-03-12,5
2541,2025-03-12,5
2542,2025-03-12,5
2543,2025-03-13,1
2544,2025-03-13,1
2545,2025-03-13,1
2546,2025-03-13,1
2547,2025-03-13,2
2548,2025-03-13,2
2549,2025-03-13,3
2550,2025-03-13,4
2551,2025-03-13,5
2552,2025-03-13,5
2553,2025-03-14,1
2554,2025-03-14,2
2555,2025-03-14,3
2556,2025-03-14,3
2557,2025-03-14,4
2558,2025-03-14,4
2559,2025-03-14,4
2560,2025-03-15,2
2561,2025-03-15,5
2562,2025-03-16,1
2563,2025-03-16,2
2564,2025-03-17,1
2565,2025-03-17,1
2566,2025-03-17,1
2567,2025-03-17,1
2568,2025-03-17,2
2569,2025-03-17,4
2570,2025-03-17,4
2571,2025-03-17,5
2572,2025-03-17,5
2573,2025-03-18,1
2574,2025-03-18,3
2575,2025-03-18,4
2576,2025-03-19,1
2577,2025-03-19,1
2578,2025-03-19,1
2579,2025-03-19,2
2580,2025-03-19,2
2581,2025-03-19,2
2582,2025-03-19,3
2583,2025-03-19,3
2584,2025-03-19,4
2585,2025-03-19,4
2586,2025-03-20,3
2587,2025-03-20,4
2588,2025-03-20,4
2589,2025-03-20,4
2590,2025-03-20,5
2591,2025-03-20,5
2592,2025-03-21,1
2593,2025-03-21,1
2594,2025-03-21,1
2595,2025-03-21,2
2596,2025-03-21,2
2597,2025-03-21,2
2598,2025-03-21,2
2599,2025-03-21,2
2600,2025-03-21,2
2601,2025-03-21,3
2602,2025-03-21,3
2603,2025-03-21,3
2604,2025-03-21,4
2605,2025-03-21,4
2606,2025-03-23,1
2607,2025-03-23,2
2608,2025-03-23,3
2609,2025-03-23,3
2610,2025-03-23,3
2611,2025-03-23,4
2612,2025-03-24,3
2613,2025-03-24,5
2614,2025-03-25,1
2615,2025-03-25,1
2616,2025-03-25,2
2617,2025-03-25,2
2618,2025-03-25,2
2619,2025-03-25,5
2620,2025-03-25,5
2621,2025-03-25,5
2622,2025-03-26,3
2623,2025-03-26,4
2624,2025-03-26,5
2625,2025-03-27,2
2626,2025-03-27,2
2627,2025-03-27,4
2628,2025-03-27,4
2629,2025-03-28,1
2630,2025-03-28,1
2631,2025-03-28,2
2632,2025-03-28,3
2633,2025-03-28,3
2634,2025-03-28,4
2635,2025-03-28,5
2636,2025-03-28,5
2637,2025-03-29,3
2638,2025-03-30,1
2639,2025-03-30,3
2640,2025-03-31,1
2641,2025-03-31,3
2642,2025-03-31,4
2643,2025-03-31,5
2644,2025-03-31,5
2645,2025-04-01,2
2646,2025-04-01,3
2647,2025-04-01,3
2648,2025-04-01,3
2649,2025-04-01,4
2650,2025-04-01,4
2651,2025-04-01,5
2652,2025-04-01,5
2653,2025-04-01,5
2654,2025-04-01,5
2655,2025-04-02,2
2656,2025-04-02,2
2657,2025-04-02,2
2658,2025-04-03,2
2659,2025-04-03,2
2660,2025-04-03,3
2661,2025-04-03,3
2662,2025-04-03,4
2663,2025-04-03,4
2664,2025-04-03,4
2665,2025-04-03,5
2666,2025-04-04,1
2667,2025-04-04,1
2668,2025-04-04,2
2669,2025-04-04,3
2670,2025-04-05,1
2671,2025-04-05,2
2672,2025-04-06,1
2673,2025-04-06,3
2674,2025-04-06,4
2675,2025-04-06,5
2676,2025-04-06,5
2677,2025-04-07,1
2678,2025-04-07,3
2679,2025-04-07,3
2680,2025-04-07,3
2681,2025-04-07,3
2682,2025-04-07,4
2683,2025-04-07,4
2684,2025-04-07,5
2685,2025-04-07,5
2686,2025-04-08,2
2687,2025-04-08,3
2688,2025-04-08,4
2689,2025-04-08,5
2690,2025-04-08,5
2691,2025-04-09,4
2692,2025-04-09,4
2693,2025-04-09,5
2694,2025-04-09,5
2695,2025-04-10,1
2696,2025-04-10,2
2697,2025-04-10,2
2698,2025-04-10,3
2699,2025-04-10,3
2700,2025-04-10,3
2701,2025-04-10,5
2702,2025-04-10,5
2703,2025-04-10,5
2704,2025-04-10,5
2705,2025-04-11,2
2706,2025-04-11,2
2707,2025-04-11,2
2708,2025-04-11,3
2709,2025-04-11,3
2710,2025-04-11,4
2711,2025-04-11,5
2712,2025-04-12,2
2713,2025-04-12,4
2714,2025-04-12,5
2715,2025-04-12,5
2716,2025-04-13,5
2717,2025-04-14,2
2718,2025-04-14,2
2719,2025-04-14,2
2720,2025-04-14,2
2721,2025-04-14,3
2722,2025-04-14,4
2723,2025-04-14,5
2724,2025-04-15,1
2725,2025-04-15,1
2726,2025-04-15,2
2727,2025-04-15,2
2728,2025-04-15,2
2729,2025-04-15,3
2730,2025-04-15,4
2731,2025-04-15,5
2732,2025-04-15,5
2733,2025-04-15,5
2734,2025-04-16,1
2735,2025-04-16,2
2736,2025-04-16,3
2737,2025-04-16,3
2738,2025-04-16,3
2739,2025-04-16,5
2740,2025-04-17,1
2741,2025-04-17,1
2742,2025-04-17,2
2743,2025-04-17,3
2744,2025-04-17,4
2745,2025-04-17,4
2746,2025-04-18,1
2747,2025-04-18,2
2748,2025-04-18,2
2749,2025-04-18,3
2750,2025-04-18,3
2751,2025-04-18,3
2752,2025-04-18,4
2753,2025-04-18,4
2754,2025-04-18,5
2755,2025-04-18,5
2756,2025-04-18,5
2757,2025-04-19,2
2758,2025-04-19,3
2759,2025-04-19,4
2760,2025-04-20,2
2761,2025-04-20,3
2762,2025-04-20,3
2763,2025-04-20,3
2764,2025-04-20,3
2765,2025-04-20,4
2766,2025-04-21,1
2767,2025-04-21,2
2768,2025-04-21,2
2769,2025-04-21,3
2770,2025-04-21,3
2771,2025-04-21,4
2772,2025-04-21,4
2773,2025-04-21,4
2774,2025-04-21,5
2775,2025-04-22,1
2776,2025-04-22,1
2777,2025-04-22,2
2778,2025-04-22,2
2779,2025-04-22,5
2780,2025-04-23,1
2781,2025-04-23,2
2782,2025-04-23,2
2783,2025-04-23,2
2784,2025-04-23,2
2785,2025-04-23,2
2786,2025-04-23,3
2787,2025-04-23,3
2788,2025-04-23,4
2789,2025-04-23,4
2790,2025-04-23,4
2791,2025-04-23,5
2792,2025-04-24,2
2793,2025-04-24,3
2794,2025-04-24,3
2795,2025-04-24,4
2796,2025-04-25,1
2797,2025-04-25,2
2798,2025-04-25,3
2799,2025-04-25,4
2800,2025-04-25,4
2801,2025-04-25,5
2802,2025-04-25,5
2803,2025-04-25,5
2804,2025-04-26,2
2805,2025-04-27,3
2806,2025-04-27,5
2807,2025-04-28,2
2808,2025-04-28,2
2809,2025-04-28,3
2810,2025-04-28,3
2811,2025-04-28,3
2812,2025-04-28,3
2813,2025-04-28,3
2814,2025-04-29,3
2815,2025-04-29,4
2816,2025-04-29,4
2817,2025-04-29,4
2818,2025-04-29,4
2819,2025-04-29,5
2820,2025-04-30,1
2821,2025-04-30,5
2822,2025-04-30,5
2823,2025-05-01,2
2824,2025-05-01,2
2825,2025-05-01,4
2826,2025-05-02,2
2827,2025-05-02,3
2828,2025-05-02,4
2829,2025-05-02,4
2830,2025-05-02,4
2831,2025-05-03,2
2832,2025-05-03,2
2833,2025-05-04,2
2834,2025-05-04,3
2835,2025-05-04,3
2836,2025-05-04,3
2837,2025-05-05,1
2838,2025-05-05,1
2839,2025-05-05,1
2840,2025-05-05,1
2841,2025-05-05,2
2842,2025-05-05,2
2843,2025-05-05,3
2844,2025-05-05,4
2845,2025-05-05,4
2846,2025-05-05,4
2847,2025-05-05,5
2848,2025-05-05,5
2849,2025-05-06,1
2850,2025-05-06,1
2851,2025-05-06,4
2852,2025-05-06,4
2853,2025-05-06,4
2854,2025-05-06,4
2855,2025-05-07,1
2856,2025-05-07,1
2857,2025-05-07,2
2858,2025-05-07,3
2859,2025-05-07,3
2860,2025-05-07,4
2861,2025-05-08,1
2862,2025-05-08,1
2863,2025-05-08,2
2864,2025-05-08,2
2865,2025-05-08,2
2866,2025-05-08,2
2867,2025-05-08,2
2868,2025-05-08,3
2869,2025-05-08,4
2870,2025-05-08,4
2871,2025-05-08,5
2872,2025-05-09,1
2873,2025-05-09,3
2874,2025-05-09,3
2875,2025-05-09,4
2876,2025-05-09,4
2877,2025-05-09,5
2878,2025-05-10,5
2879,2025-05-11,2
2880,2025-05-11,2
2881,2025-05-11,2
2882,2025-05-11,3
2883,2025-05-11,4
2884,2025-05-12,1
2885,2025-05-12,1
2886,2025-05-12,1
2887,2025-05-12,3
2888,2025-05-12,3
2889,2025-05-12,4
2890,2025-05-12,4
2891,2025-05-12,4
2892,2025-05-13,1
2893,2025-05-13,2
2894,2025-05-13,3
2895,2025-05-13,4
2896,2025-05-13,5
2897,2025-05-13,5
2898,2025-05-14,1
2899,2025-05-14,1
2900,2025-05-14,1
2901,2025-05-14,2
2902,2025-05-14,2
2903,2025-05-14,2
2904,2025-05-14,3
2905,2025-05-14,4
2906,2025-05-14,4
2907,2025-05-14,4
2908,2025-05-14,5
2909,2025-05-14,5
2910,2025-05-15,1
2911,2025-05-15,1
2912,2025-05-15,3
2913,2025-05-15,3
2914,2025-05-15,4
2915,2025-05-15,5
2916,2025-05-15,5
2917,2025-05-15,5
2918,2025-05-16,1
2919,2025-05-16,1
2920,2025-05-16,1
2921,2025-05-16,1
2922,2025-05-16,2
2923,2025-05-16,4
2924,2025-05-16,4
2925,2025-05-16,5
2926,2025-05-17,1
2927,2025-05-17,5
2928,2025-05-17,5
2929,2025-05-18,1
2930,2025-05-18,2
2931,2025-05-18,5
2932,2025-05-19,1
2933,2025-05-19,2
2934,2025-05-19,2
2935,2025-05-19,2
2936,2025-05-19,3
2937,2025-05-20,2
2938,2025-05-20,2
2939,2025-05-20,2
2940,2025-05-20,3
2941,2025-05-20,4
2942,2025-05-20,4
2943,2025-05-20,4
2944,2025-05-20,4
2945,2025-05-21,2
2946,2025-05-21,3
2947,2025-05-21,4
2948,2025-05-21,5
2949,2025-05-21,5
2950,2025-05-22,1
2951,2025-05-22,2
2952,2025-05-22,2
2953,2025-05-22,2
2954,2025-05-22,3
2955,2025-05-22,4
2956,2025-05-22,4
2957,2025-05-22,4
2958,2025-05-22,4
2959,2025-05-22,4
2960,2025-05-23,2
2961,2025-05-23,3
2962,2025-05-23,3
2963,2025-05-23,3
2964,2025-05-23,3
2965,2025-05-23,4
2966,2025-05-23,4
2967,2025-05-23,5
2968,2025-05-23,5
2969,2025-05-24,2
2970,2025-05-24,2
2971,2025-05-25,4
2972,2025-05-25,5
2973,2025-05-26,2
2974,2025-05-26,2
2975,2025-05-26,3
2976,2025-05-26,4
2977,2025-05-26,5
2978,2025-05-27,1
2979,2025-05-27,1
2980,2025-05-27,2
2981,2025-05-27,3
2982,2025-05-27,5
2983,2025-05-27,5
2984,2025-05-27,5
2985,2025-05-28,1
2986,2025-05-28,2
2987,2025-05-28,3
2988,2025-05-28,3
2989,2025-05-28,4
2990,2025-05-28,4
2991,2025-05-28,4
2992,2025-05-28,5
2993,2025-05-29,1
2994,2025-05-29,2
2995,2025-05-29,3
2996,2025-05-29,3
2997,2025-05-29,4
2998,2025-05-29,5
2999,2025-05-29,5
3000,2025-05-30,1
3001,2025-05-30,2
3002,2025-05-30,5
3003,2025-05-30,5
3004,2025-05-30,5
3005,2025-05-31,1
3006,2025-06-01,1
3007,2025-06-01,4
3008,2025-06-02,1
3009,2025-06-02,2
3010,2025-06-02,2
3011,2025-06-02,3
3012,2025-06-02,4
3013,2025-06-02,5
3014,2025-06-03,1
3015,2025-06-03,1
3016,2025-06-03,1
3017,2025-06-03,1
3018,2025-06-03,1
3019,2025-06-03,2
3020,2025-06-03,2
3021,2025-06-03,2
3022,2025-06-03,4
3023,2025-06-03,5
3024,2025-06-04,1
3025,2025-06-04,1
3026,2025-06-04,2
3027,2025-06-04,2
3028,2025-06-04,4
3029,2025-06-04,4
3030,2025-06-04,4
3031,2025-06-04,5
3032,2025-06-04,5
3033,2025-06-05,1
3034,2025-06-05,1
3035,2025-06-05,2
3036,2025-06-05,2
3037,2025-06-05,3
3038,2025-06-05,3
3039,2025-06-05,3
3040,2025-06-05,4
3041,2025-06-05,5
3042,2025-06-06,1
3043,2025-06-06,1
3044,2025-06-06,2
3045,2025-06-06,2
3046,2025-06-06,3
3047,2025-06-06,4
3048,2025-06-06,4
3049,2025-06-06,5
3050,2025-06-07,1
3051,2025-06-07,4
3052,2025-06-07,5
3053,2025-06-09,1
3054,2025-06-09,1
3055,2025-06-09,2
3056,2025-06-09,2
3057,2025-06-09,2
3058,2025-06-09,3
3059,2025-06-09,4
3060,2025-06-09,4
3061,2025-06-09,5
3062,2025-06-09,5
3063,2025-06-10,1
3064,2025-06-10,3
3065,2025-06-10,3
3066,2025-06-10,4
3067,2025-06-10,5
3068,2025-06-10,5
3069,2025-06-10,5
3070,2025-06-11,1
3071,2025-06-11,1
3072,2025-06-11,3
3073,2025-06-11,3
3074,2025-06-11,3
3075,2025-06-11,4
3076,2025-06-11,5
3077,2025-06-11,5
3078,2025-06-12,1
3079,2025-06-12,2
3080,2025-06-12,2
3081,2025-06-12,3
3082,2025-06-12,4
3083,2025-06-12,4
3084,2025-06-12,4
3085,2025-06-12,5
3086,2025-06-12,5
3087,2025-06-13,1
3088,2025-06-13,3
3089,2025-06-13,4
3090,2025-06-14,1
3091,2025-06-14,1
3092,2025-06-14,1
3093,2025-06-14,2
3094,2025-06-14,2
3095,2025-06-14,5
3096,2025-06-16,2
3097,2025-06-16,2
3098,2025-06-16,4
3099,2025-06-16,5
3100,2025-06-16,5
3101,2025-06-16,5
3102,2025-06-17,1
3103,2025-06-17,1
3104,2025-06-17,1
3105,2025-06-17,2
3106,2025-06-17,2
3107,2025-06-17,2
3108,2025-06-17,3
3109,2025-06-17,3
3110,2025-06-17,4
3111,2025-06-17,4
3112,2025-06-17,4
3113,2025-06-17,4
3114,2025-06-17,4
3115,2025-06-17,5
3116,2025-06-18,1
3117,2025-06-18,2
3118,2025-06-18,3
3119,2025-06-18,3
3120,2025-06-18,5
3121,2025-06-19,2
3122,2025-06-19,3
3123,2025-06-19,4
3124,2025-06-19,4
3125,2025-06-19,4
3126,2025-06-19,4
3127,2025-06-19,5
3128,2025-06-20,1
3129,2025-06-20,3
3130,2025-06-20,3
3131,2025-06-20,5
3132,2025-06-20,5
3133,2025-06-21,1
3134,2025-06-22,2
3135,2025-06-22,5
3136,2025-06-22,5
3137,2025-06-23,1
3138,2025-06-23,2
3139,2025-06-23,3
3140,2025-06-23,5
3141,2025-06-24,1
3142,2025-06-24,2
3143,2025-06-24,3
3144,2025-06-24,4
3145,2025-06-24,5
3146,2025-06-25,1
3147,2025-06-25,1
3148,2025-06-25,2
3149,2025-06-25,4
3150,2025-06-25,4
3151,2025-06-25,4
3152,2025-06-25,4
3153,2025-06-25,5
3154,2025-06-25,5
3155,2025-06-26,1
3156,2025-06-26,2
3157,2025-06-26,3
3158,2025-06-26,3
3159,2025-06-26,3
3160,2025-06-26,3
3161,2025-06-26,3
3162,2025-06-26,3
3163,2025-06-26,4
3164,2025-06-26,5
3165,2025-06-26,5
3166,2025-06-27,1
3167,2025-06-27,1
3168,2025-06-27,1
3169,2025-06-27,1
3170,2025-06-27,2
3171,2025-06-27,2
3172,2025-06-27,2
3173,2025-06-27,2
3174,2025-06-27,3
3175,2025-06-27,3
3176,2025-06-27,3
3177,2025-06-27,3
3178,2025-06-27,4
3179,2025-06-27,4
3180,2025-06-27,4
3181,2025-06-27,4
3182,2025-06-27,4
3183,2025-06-27,5
3184,2025-06-27,5
3185,2025-06-28,1
3186,2025-06-28,1
3187,2025-06-28,2
3188,2025-06-28,2
3189,2025-06-29,4
3190,2025-06-30,1
3191,2025-06-30,2
3192,2025-06-30,2
3193,2025-06-30,2
3194,2025-06-30,3
3195,2025-06-30,4
3196,2025-06-30,4
3197,2025-06-30,5
3198,2025-06-30,5
3199,2025-06-30,5
3200,2025-06-30,5
3201,2025-07-01,1
3202,2025-07-01,1
3203,2025-07-01,1
3204,2025-07-01,1
3205,2025-07-01,2
3206,2025-07-01,2
3207,2025-07-01,3
3208,2025-07-01,3
3209,2025-07-01,3
3210,2025-07-01,4
3211,2025-07-01,5
3212,2025-07-02,1
3213,2025-07-02,1
3214,2025-07-02,1
3215,2025-07-02,2
3216,2025-07-02,2
3217,2025-07-02,3
3218,2025-07-02,5
3219,2025-07-03,1
3220,2025-07-03,1
3221,2025-07-03,1
3222,2025-07-03,1
3223,2025-07-03,1
3224,2025-07-03,1
3225,2025-07-03,2
3226,2025-07-03,4
3227,2025-07-03,5
3228,2025-07-04,1
3229,2025-07-04,1
3230,2025-07-04,2
3231,2025-07-04,3
3232,2025-07-04,4
3233,2025-07-04,4
3234,2025-07-05,2
3235,2025-07-05,5
3236,2025-07-06,1
3237,2025-07-06,2
3238,2025-07-06,5
3239,2025-07-07,1
3240,2025-07-07,1
3241,2025-07-07,1
3242,2025-07-07,2
3243,2025-07-07,2
3244,2025-07-07,3
3245,2025-07-07,3
3246,2025-07-07,3
3247,2025-07-07,4
3248,2025-07-07,5
3249,2025-07-08,1
3250,2025-07-08,2
3251,2025-07-08,3
3252,2025-07-08,3
3253,2025-07-08,4
3254,2025-07-08,4
3255,2025-07-09,1
3256,2025-07-09,2
3257,2025-07-09,2
3258,2025-07-09,3
3259,2025-07-09,4
3260,2025-07-09,4
3261,2025-07-09,4
3262,2025-07-09,5
3263,2025-07-09,5
3264,2025-07-09,5
3265,2025-07-10,1
3266,2025-07-10,1
3267,2025-07-10,2
3268,2025-07-10,2
3269,2025-07-10,4
3270,2025-07-10,4
3271,2025-07-10,4
3272,2025-07-10,5
3273,2025-07-10,5
3274,2025-07-11,2
3275,2025-07-11,2
3276,2025-07-11,2
3277,2025-07-11,3
3278,2025-07-11,4
3279,2025-07-11,4
3280,2025-07-11,4
3281,2025-07-11,5
3282,2025-07-12,1
3283,2025-07-13,5
3284,2025-07-14,1
3285,2025-07-14,1
3286,2025-07-14,2
3287,2025-07-14,3
3288,2025-07-14,3
3289,2025-07-14,5
3290,2025-07-14,5
3291,2025-07-14,5
3292,2025-07-15,1
3293,2025-07-15,1
3294,2025-07-15,2
3295,2025-07-15,2
3296,2025-07-15,3
3297,2025-07-15,4
3298,2025-07-15,5
3299,2025-07-15,5
3300,2025-07-16,1
3301,2025-07-16,2
3302,2025-07-16,2
3303,2025-07-16,2
3304,2025-07-16,3
3305,2025-07-16,3
3306,2025-07-16,3
3307,2025-07-16,5
3308,2025-07-17,1
3309,2025-07-17,1
3310,2025-07-17,2
3311,2025-07-17,3
3312,2025-07-17,4
3313,2025-07-17,4
3314,2025-07-17,5
3315,2025-07-18,1
3316,2025-07-18,2
3317,2025-07-18,2
3318,2025-07-18,2
3319,2025-07-18,3
3320,2025-07-18,4
3321,2025-07-18,4
3322,2025-07-20,5
3323,2025-07-21,1
3324,2025-07-21,2
3325,2025-07-21,2
3326,2025-07-21,2
3327,2025-07-21,2
3328,2025-07-21,3
3329,2025-07-21,3
3330,2025-07-21,4
3331,2025-07-21,5
3332,2025-07-22,1
3333,2025-07-22,1
3334,2025-07-22,1
3335,2025-07-22,2
3336,2025-07-22,2
3337,2025-07-22,2
3338,2025-07-22,3
3339,2025-07-22,3
3340,2025-07-22,3
3341,2025-07-22,4
3342,2025-07-22,4
3343,2025-07-22,4
3344,2025-07-22,5
3345,2025-07-23,1
3346,2025-07-23,1
3347,2025-07-23,2
3348,2025-07-23,2
3349,2025-07-23,3
3350,2025-07-23,3
3351,2025-07-23,3
3352,2025-07-23,4
3353,2025-07-23,5
3354,2025-07-23,5
3355,2025-07-23,5
3356,2025-07-24,2
3357,2025-07-24,2
3358,2025-07-24,2
3359,2025-07-24,3
3360,2025-07-24,3
3361,2025-07-24,4
3362,2025-07-24,5
3363,2025-07-25,1
3364,2025-07-25,2
3365,2025-07-25,2
3366,2025-07-25,2
3367,2025-07-25,3
3368,2025-07-25,3
3369,2025-07-25,4
3370,2025-07-25,4
3371,2025-07-25,4
3372,2025-07-25,4
3373,2025-07-25,5
3374,2025-07-25,5
3375,2025-07-25,5
3376,2025-07-26,2
3377,2025-07-26,2
3378,2025-07-26,4
3379,2025-07-26,4
3380,2025-07-26,5
3381,2025-07-26,5
3382,2025-07-27,4
3383,2025-07-28,2
3384,2025-07-28,3
3385,2025-07-28,3
3386,2025-07-28,3
3387,2025-07-28,4
3388,2025-07-28,5
3389,2025-07-28,5
3390,2025-07-28,5
3391,2025-07-29,1
3392,2025-07-29,1
3393,2025-07-29,2
3394,2025-07-29,2
3395,2025-07-29,2
3396,2025-07-29,2
3397,2025-07-29,3
3398,2025-07-29,4
3399,2025-07-29,4
3400,2025-07-29,5
3401,2025-07-30,2
3402,2025-07-30,2
3403,2025-07-30,3
3404,2025-07-30,3
3405,2025-07-30,3
3406,2025-07-30,4
3407,2025-07-30,4
3408,2025-07-30,5
3409,2025-07-31,1
3410,2025-07-31,2
3411,2025-07-31,2
3412,2025-07-31,3
3413,2025-07-31,4
3414,2025-07-31,4
3415,2025-07-31,5
3416,2025-07-31,5
3417,2025-08-01,1
3418,2025-08-01,2
3419,2025-08-01,2
3420,2025-08-01,2
3421,2025-08-01,2
3422,2025-08-01,3
3423,2025-08-01,4
3424,2025-08-01,5
3425,2025-08-02,2
3426,2025-08-02,4
3427,2025-08-03,1
3428,2025-08-03,4
3429,2025-08-03,5
3430,2025-08-04,2
3431,2025-08-04,3
3432,2025-08-04,3
3433,2025-08-04,4
3434,2025-08-04,4
3435,2025-08-04,4
3436,2025-08-05,1
3437,2025-08-05,1
3438,2025-08-05,1
3439,2025-08-05,2
3440,2025-08-05,3
3441,2025-08-05,3
3442,2025-08-05,4
3443,2025-08-05,4
3444,2025-08-06,1
3445,2025-08-06,2
3446,2025-08-06,3
3447,2025-08-06,3
3448,2025-08-06,4
3449,2025-08-06,4
3450,2025-08-06,5
3451,2025-08-07,1
3452,2025-08-07,1
3453,2025-08-07,1
3454,2025-08-07,2
3455,2025-08-07,2
3456,2025-08-07,3
3457,2025-08-07,4
3458,2025-08-07,5
3459,2025-08-07,5
3460,2025-08-07,5
3461,2025-08-07,5
3462,2025-08-08,1
3463,2025-08-08,1
3464,2025-08-08,1
3465,2025-08-08,1
3466,2025-08-08,2
3467,2025-08-08,2
3468,2025-08-08,3
3469,2025-08-08,4
3470,2025-08-08,4
3471,2025-08-08,5
3472,2025-08-08,5
3473,2025-08-08,5
3474,2025-08-08,5
3475,2025-08-08,5
3476,2025-08-08,5
3477,2025-08-09,2
3478,2025-08-09,3
3479,2025-08-11,2
3480,2025-08-11,2
3481,2025-08-11,3
3482,2025-08-11,3
3483,2025-08-11,3
3484,2025-08-12,1
3485,2025-08-12,1
3486,2025-08-12,2
3487,2025-08-12,3
3488,2025-08-12,4
3489,2025-08-12,4
3490,2025-08-13,1
3491,2025-08-13,1
3492,2025-08-13,2
3493,2025-08-13,2
3494,2025-08-13,2
3495,2025-08-13,3
3496,2025-08-13,5
3497,2025-08-13,5
3498,2025-08-13,5
3499,2025-08-13,5
3500,2025-08-14,1
3501,2025-08-14,1
3502,2025-08-14,2
3503,2025-08-14,3
3504,2025-08-14,4
3505,2025-08-14,4
3506,2025-08-14,5
3507,2025-08-14,5
3508,2025-08-15,1
3509,2025-08-15,1
3510,2025-08-15,2
3511,2025-08-15,2
3512,2025-08-15,3
3513,2025-08-15,4
3514,2025-08-15,5
3515,2025-08-15,5
3516,2025-08-15,5
3517,2025-08-16,2
3518,2025-08-16,4
3519,2025-08-16,4
3520,2025-08-16,4
3521,2025-08-17,2
3522,2025-08-17,4
3523,2025-08-18,1
3524,2025-08-18,2
3525,2025-08-18,4
3526,2025-08-18,4
3527,2025-08-18,4
3528,2025-08-18,5
3529,2025-08-19,1
3530,2025-08-19,3
3531,2025-08-19,3
3532,2025-08-19,3
3533,2025-08-19,4
3534,2025-08-19,4
3535,2025-08-19,4
3536,2025-08-19,5
3537,2025-08-20,1
3538,2025-08-20,2
3539,2025-08-20,2
3540,2025-08-20,5
3541,2025-08-20,5
3542,2025-08-21,1
3543,2025-08-21,1
3544,2025-08-21,2
3545,2025-08-21,2
3546,2025-08-21,2
3547,2025-08-21,3
3548,2025-08-21,3
3549,2025-08-21,4
3550,2025-08-21,4
3551,2025-08-21,4
3552,2025-08-21,5
3553,2025-08-22,1
3554,2025-08-22,1
3555,2025-08-22,2
3556,2025-08-22,2
3557,2025-08-22,4
3558,2025-08-22,4
3559,2025-08-22,5
3560,2025-08-22,5
3561,2025-08-22,5
3562,2025-08-22,5
3563,2025-08-23,2
3564,2025-08-23,4
3565,2025-08-23,4
3566,2025-08-23,5
3567,2025-08-24,1
3568,2025-08-24,2
3569,2025-08-24,5
3570,2025-08-25,1
3571,2025-08-25,2
3572,2025-08-25,3
3573,2025-08-25,3
3574,2025-08-25,3
3575,2025-08-25,3
3576,2025-08-25,3
3577,2025-08-25,3
3578,2025-08-25,3
3579,2025-08-25,5
3580,2025-08-25,5
3581,2025-08-26,2
3582,2025-08-26,2
3583,2025-08-26,2
3584,2025-08-26,2
3585,2025-08-26,3
3586,2025-08-26,4
3587,2025-08-26,4
3588,2025-08-26,5
3589,2025-08-26,5
3590,2025-08-26,5
3591,2025-08-26,5
3592,2025-08-27,1
3593,2025-08-27,2
3594,2025-08-27,3
3595,2025-08-27,3
3596,2025-08-27,4
3597,2025-08-27,4
3598,2025-08-27,4
3599,2025-08-27,5
3600,2025-08-27,5
3601,2025-08-27,5
3602,2025-08-28,1
3603,2025-08-28,1
3604,2025-08-28,2
3605,2025-08-28,3
3606,2025-08-29,1
3607,2025-08-29,2
3608,2025-08-30,1
3609,2025-08-30,2
3610,2025-08-30,4
3611,2025-08-31,2
3612,2025-08-31,4
3613,2025-09-01,1
3614,2025-09-01,1
3615,2025-09-01,2
3616,2025-09-01,2
3617,2025-09-01,3
3618,2025-09-01,4
3619,2025-09-01,4
3620,2025-09-01,4
3621,2025-09-01,5
3622,2025-09-01,5
3623,2025-09-02,1
3624,2025-09-02,3
3625,2025-09-02,3
3626,2025-09-02,3
3627,2025-09-02,4
3628,2025-09-02,4
3629,2025-09-02,4
3630,2025-09-02,4
3631,2025-09-02,5
3632,2025-09-02,5
3633,2025-09-03,1
3634,2025-09-03,2
3635,2025-09-03,2
3636,2025-09-03,3
3637,2025-09-04,1
3638,2025-09-04,1
3639,2025-09-04,1
3640,2025-09-04,3
3641,2025-09-04,3
3642,2025-09-04,4
3643,2025-09-04,5
3644,2025-09-05,2
3645,2025-09-05,2
3646,2025-09-05,3
3647,2025-09-05,3
3648,2025-09-05,5
3649,2025-09-05,5
3650,2025-09-06,3
3651,2025-09-06,5
3652,2025-09-07,3
3653,2025-09-07,4
3654,2025-09-07,5
3655,2025-09-08,1
3656,2025-09-08,1
3657,2025-09-08,2
3658,2025-09-08,2
3659,2025-09-08,2
3660,2025-09-08,3
3661,2025-09-08,4
3662,2025-09-08,5
3663,2025-09-08,5
3664,2025-09-09,1
3665,2025-09-09,1
3666,2025-09-09,2
3667,2025-09-09,3
3668,2025-09-09,4
3669,2025-09-09,4
3670,2025-09-09,4
3671,2025-09-09,5
3672,2025-09-10,2
3673,2025-09-10,2
3674,2025-09-10,2
3675,2025-09-10,3
3676,2025-09-10,4
3677,2025-09-10,5
3678,2025-09-11,1
3679,2025-09-11,1
3680,2025-09-11,2
3681,2025-09-11,2
3682,2025-09-11,3
3683,2025-09-11,3
3684,2025-09-11,4
3685,2025-09-11,4
3686,2025-09-11,5
3687,2025-09-12,1
3688,2025-09-12,1
3689,2025-09-12,1
3690,2025-09-12,1
3691,2025-09-12,2
3692,2025-09-12,2
3693,2025-09-12,2
3694,2025-09-12,2
3695,2025-09-12,2
3696,2025-09-12,3
3697,2025-09-12,3
3698,2025-09-12,3
3699,2025-09-12,4
3700,2025-09-12,5
3701,2025-09-12,5
3702,2025-09-12,5
3703,2025-09-12,5
3704,2025-09-13,3
3705,2025-09-14,3
3706,2025-09-14,5
3707,2025-09-15,1
3708,2025-09-15,1
3709,2025-09-15,2
3710,2025-09-15,2
3711,2025-09-15,3
3712,2025-09-15,3
3713,2025-09-15,5
3714,2025-09-15,5
3715,2025-09-15,5
3716,2025-09-15,5
3717,2025-09-16,1
3718,2025-09-16,1
3719,2025-09-16,3
3720,2025-09-16,4
3721,2025-09-16,4
3722,2025-09-16,4
3723,2025-09-16,4
3724,2025-09-16,5
3725,2025-09-16,5
3726,2025-09-16,5
3727,2025-09-16,5
3728,2025-09-17,3
3729,2025-09-17,5
3730,2025-09-17,5
3731,2025-09-18,1
3732,2025-09-18,1
3733,2025-09-18,2
3734,2025-09-18,2
3735,2025-09-18,3
3736,2025-09-18,5
3737,2025-09-18,5
3738,2025-09-18,5
3739,2025-09-19,1
3740,2025-09-19,1
3741,2025-09-19,1
3742,2025-09-19,2
3743,2025-09-19,3
3744,2025-09-19,5
3745,2025-09-19,5
3746,2025-09-20,1
3747,2025-09-20,3
3748,2025-09-21,1
3749,2025-09-21,2
3750,2025-09-21,5
3751,2025-09-22,1
3752,2025-09-22,1
3753,2025-09-22,1
3754,2025-09-22,4
3755,2025-09-22,4
3756,2025-09-22,4
3757,2025-09-23,1
3758,2025-09-23,1
3759,2025-09-23,1
3760,2025-09-23,3
3761,2025-09-23,3
3762,2025-09-23,3
3763,2025-09-23,5
3764,2025-09-23,5
3765,2025-09-24,1
3766,2025-09-24,3
3767,2025-09-24,3
3768,2025-09-24,3
3769,2025-09-24,3
3770,2025-09-24,4
3771,2025-09-24,4
3772,2025-09-24,4
3773,2025-09-24,5
3774,2025-09-25,2
3775,2025-09-25,2
3776,2025-09-25,3
3777,2025-09-25,3
3778,2025-09-25,3
3779,2025-09-26,1
3780,2025-09-26,1
3781,2025-09-26,2
3782,2025-09-26,2
3783,2025-09-26,5
3784,2025-09-26,5
3785,2025-09-27,2
3786,2025-09-27,5
3787,2025-09-28,3
3788,2025-09-28,3
3789,2025-09-29,2
3790,2025-09-29,2
3791,2025-09-29,2
3792,2025-09-29,3
3793,2025-09-29,5
3794,2025-09-29,5
3795,2025-09-30,2
3796,2025-09-30,2
3797,2025-09-30,2
3798,2025-09-30,3
3799,2025-09-30,3
3800,2025-09-30,4
3801,2025-09-30,4
3802,2025-09-30,4
3803,2025-10-01,1
3804,2025-10-01,1
3805,2025-10-01,3
3806,2025-10-01,4
3807,2025-10-01,5
3808,2025-10-01,5
3809,2025-10-01,5
3810,2025-10-02,1
3811,2025-10-02,1
3812,2025-10-02,2
3813,2025-10-02,2
3814,2025-10-02,3
3815,2025-10-02,3
3816,2025-10-02,5
3817,2025-10-02,5
3818,2025-10-02,5
3819,2025-10-02,5
3820,2025-10-02,5
3821,2025-10-03,1
3822,2025-10-03,1
3823,2025-10-03,1
3824,2025-10-03,2
3825,2025-10-03,2
3826,2025-10-03,3
3827,2025-10-03,3
3828,2025-10-03,3
3829,2025-10-03,4
3830,2025-10-03,4
3831,2025-10-03,4
3832,2025-10-03,4
3833,2025-10-03,5
3834,2025-10-03,5
3835,2025-10-05,3
3836,2025-10-05,5
3837,2025-10-06,2
3838,2025-10-06,3
3839,2025-10-06,5
3840,2025-10-06,5
3841,2025-10-06,5
3842,2025-10-07,1
3843,2025-10-07,2
3844,2025-10-07,2
3845,2025-10-07,3
3846,2025-10-07,4
3847,2025-10-08,3
3848,2025-10-08,3
3849,2025-10-08,4
3850,2025-10-08,5
3851,2025-10-09,2
3852,2025-10-09,2
3853,2025-10-09,2
3854,2025-10-09,2
3855,2025-10-09,2
3856,2025-10-09,3
3857,2025-10-09,5
3858,2025-10-09,5
3859,2025-10-10,3
3860,2025-10-10,4
3861,2025-10-10,4
3862,2025-10-10,4
3863,2025-10-11,3
3864,2025-10-11,4
3865,2025-10-11,5
3866,2025-10-11,5
3867,2025-10-12,3
3868,2025-10-12,5
3869,2025-10-12,5
3870,2025-10-13,1
3871,2025-10-13,1
3872,2025-10-13,1
3873,2025-10-13,2
3874,2025-10-13,3
3875,2025-10-13,3
3876,2025-10-13,4
3877,2025-10-13,4
3878,2025-10-14,2
3879,2025-10-14,3
3880,2025-10-14,3
3881,2025-10-14,4
3882,2025-10-14,4
3883,2025-10-14,5
3884,2025-10-14,5
3885,2025-10-14,5
3886,2025-10-15,1
3887,2025-10-15,1
3888,2025-10-15,2
3889,2025-10-15,2
3890,2025-10-15,3
3891,2025-10-15,3
3892,2025-10-15,4
3893,2025-10-15,4
3894,2025-10-15,5
3895,2025-10-15,5
3896,2025-10-16,1
3897,2025-10-16,2
3898,2025-10-16,3
3899,2025-10-16,4
3900,2025-10-16,5
3901,2025-10-17,1
3902,2025-10-17,1
3903,2025-10-17,1
3904,2025-10-17,1
3905,2025-10-17,1
3906,2025-10-17,1
3907,2025-10-17,2
3908,2025-10-17,2
3909,2025-10-17,3
3910,2025-10-17,5
3911,2025-10-17,5
3912,2025-10-18,2
3913,2025-10-18,3
3914,2025-10-18,4
3915,2025-10-19,1
3916,2025-10-19,1
3917,2025-10-19,2
3918,2025-10-19,5
3919,2025-10-19,5
3920,2025-10-20,1
3921,2025-10-21,1
3922,2025-10-21,2
3923,2025-10-21,3
3924,2025-10-21,3
3925,2025-10-21,5
3926,2025-10-22,2
3927,2025-10-22,2
3928,2025-10-22,2
3929,2025-10-22,3
3930,2025-10-23,4
3931,2025-10-24,1
3932,2025-10-24,1
3933,2025-10-24,2
3934,2025-10-24,3
3935,2025-10-24,3
3936,2025-10-24,4
3937,2025-10-24,5
3938,2025-10-25,1
3939,2025-10-25,1
3940,2025-10-25,4
3941,2025-10-26,2
3942,2025-10-26,2
3943,2025-10-26,2
3944,2025-10-26,3
3945,2025-10-26,4
3946,2025-10-26,5
3947,2025-10-26,5
3948,2025-10-27,1
3949,2025-10-27,1
3950,2025-10-27,2
3951,2025-10-27,3
3952,2025-10-27,5
3953,2025-10-27,5
3954,2025-10-28,1
3955,2025-10-28,1
3956,2025-10-28,2
3957,2025-10-28,3
3958,2025-10-28,5
3959,2025-10-28,5
3960,2025-10-29,1
3961,2025-10-29,1
3962,2025-10-29,2
3963,2025-10-29,3
3964,2025-10-29,3
3965,2025-10-29,3
3966,2025-10-29,4
3967,2025-10-29,4
3968,2025-10-30,2
3969,2025-10-30,2
3970,2025-10-30,3
3971,2025-10-30,3
3972,2025-10-30,4
3973,2025-10-30,4
3974,2025-10-30,4
3975,2025-10-30,4
3976,2025-10-31,1
3977,2025-10-31,2
3978,2025-10-31,3
3979,2025-10-31,3
3980,2025-10-31,4
3981,2025-11-01,2
3982,2025-11-01,3
3983,2025-11-01,3
3984,2025-11-01,5
3985,2025-11-02,1
3986,2025-11-02,1
3987,2025-11-02,2
3988,2025-11-02,3
3989,2025-11-02,3
3990,2025-11-02,5
3991,2025-11-03,1
3992,2025-11-03,1
3993,2025-11-03,2
3994,2025-11-03,2
3995,2025-11-03,3
3996,2025-11-03,3
3997,2025-11-03,3
3998,2025-11-03,3
3999,2025-11-03,4
4000,2025-11-03,4
4001,2025-11-03,4
4002,2025-11-03,4
4003,2025-11-03,5
4004,2025-11-03,5
4005,2025-11-04,1
4006,2025-11-04,1
4007,2025-11-04,1
4008,2025-11-04,1
4009,2025-11-04,2
4010,2025-11-04,2
4011,2025-11-04,2
4012,2025-11-04,3
4013,2025-11-04,4
4014,2025-11-04,5
4015,2025-11-04,5
4016,2025-11-05,1
4017,2025-11-05,2
4018,2025-11-05,3
4019,2025-11-05,3
4020,2025-11-05,3
4021,2025-11-05,4
4022,2025-11-05,4
4023,2025-11-05,4
4024,2025-11-05,5
4025,2025-11-05,5
4026,2025-11-06,2
4027,2025-11-06,3
4028,2025-11-06,3
4029,2025-11-06,3
4030,2025-11-06,4
4031,2025-11-06,4
4032,2025-11-07,1
4033,2025-11-07,1
4034,2025-11-07,2
4035,2025-11-07,3
4036,2025-11-07,3
4037,2025-11-07,4
4038,2025-11-07,4
4039,2025-11-07,4
4040,2025-11-07,4
4041,2025-11-08,5
4042,2025-11-09,1
4043,2025-11-09,1
4044,2025-11-09,1
4045,2025-11-10,2
4046,2025-11-10,3
4047,2025-11-10,4
4048,2025-11-11,1
4049,2025-11-11,1
4050,2025-11-11,2
4051,2025-11-11,3
4052,2025-11-11,3
4053,2025-11-11,3
4054,2025-11-11,4
4055,2025-11-12,1
4056,2025-11-12,1
4057,2025-11-12,1
4058,2025-11-12,1
4059,2025-11-12,3
4060,2025-11-12,3
4061,2025-11-12,5
4062,2025-11-13,2
4063,2025-11-13,3
4064,2025-11-13,4
4065,2025-11-13,4
4066,2025-11-13,4
4067,2025-11-13,4
4068,2025-11-13,5
4069,2025-11-13,5
4070,2025-11-13,5
4071,2025-11-14,1
4072,2025-11-14,1
4073,2025-11-14,1
4074,2025-11-14,2
4075,2025-11-14,2
4076,2025-11-14,5
4077,2025-11-15,1
4078,2025-11-15,1
4079,2025-11-15,2
4080,2025-11-15,5
4081,2025-11-16,1
4082,2025-11-16,3
4083,2025-11-17,2
4084,2025-11-17,2
4085,2025-11-17,2
4086,2025-11-17,3
4087,2025-11-17,4
4088,2025-11-18,1
4089,2025-11-18,2
4090,2025-11-18,2
4091,2025-11-18,3
4092,2025-11-18,4
4093,2025-11-18,4
4094,2025-11-18,4
4095,2025-11-18,4
4096,2025-11-19,1
4097,2025-11-19,1
4098,2025-11-19,2
4099,2025-11-19,2
4100,2025-11-19,2
4101,2025-11-19,3
4102,2025-11-19,3
4103,2025-11-19,3
4104,2025-11-19,3
4105,2025-11-19,3
4106,2025-11-19,3
4107,2025-11-19,5
4108,2025-11-19,5
4109,2025-11-20,1
4110,2025-11-20,1
4111,2025-11-20,2
4112,2025-11-20,2
4113,2025-11-20,3
4114,2025-11-20,3
4115,2025-11-20,3
4116,2025-11-20,4
4117,2025-11-20,4
4118,2025-11-20,5
4119,2025-11-21,1
4120,2025-11-21,2
4121,2025-11-21,2
4122,2025-11-21,3
4123,2025-11-21,4
4124,2025-11-21,5
4125,2025-11-21,5
4126,2025-11-21,5
4127,2025-11-23,1
4128,2025-11-23,2
4129,2025-11-23,3
4130,2025-11-23,4
4131,2025-11-23,5
4132,2025-11-24,1
4133,2025-11-24,1
4134,2025-11-24,1
4135,2025-11-24,1
4136,2025-11-24,2
4137,2025-11-24,2
4138,2025-11-24,2
4139,2025-11-24,3
4140,2025-11-24,3
4141,2025-11-24,3
4142,2025-11-24,3
4143,2025-11-24,4
4144,2025-11-24,5
4145,2025-11-24,5
4146,2025-11-24,5
4147,2025-11-25,2
4148,2025-11-25,2
4149,2025-11-25,3
4150,2025-11-25,4
4151,2025-11-25,4
4152,2025-11-25,4
4153,2025-11-25,5
4154,2025-11-26,1
4155,2025-11-26,2
4156,2025-11-26,2
4157,2025-11-26,4
4158,2025-11-26,4
4159,2025-11-26,4
4160,2025-11-27,2
4161,2025-11-27,3
4162,2025-11-27,4
4163,2025-11-27,4
4164,2025-11-27,4
4165,2025-11-27,4
4166,2025-11-27,4
4167,2025-11-27,5
4168,2025-11-28,1
4169,2025-11-28,2
4170,2025-11-28,2
4171,2025-11-28,4
4172,2025-11-28,5
4173,2025-11-28,5
4174,2025-11-29,4
4175,2025-11-29,5
4176,2025-11-30,3
4177,2025-11-30,5
4178,2025-12-01,1
4179,2025-12-01,1
4180,2025-12-01,1
4181,2025-12-01,2
4182,2025-12-01,2
4183,2025-12-01,3
4184,2025-12-01,3
4185,2025-12-01,4
4186,2025-12-01,5
4187,2025-12-01,5
4188,2025-12-01,5
4189,2025-12-02,1
4190,2025-12-02,3
4191,2025-12-02,3
4192,2025-12-02,4
4193,2025-12-02,4
4194,2025-12-03,2
4195,2025-12-03,2
4196,2025-12-03,3
4197,2025-12-03,3
4198,2025-12-03,5
4199,2025-12-03,5
4200,2025-12-04,1
4201,2025-12-04,1
4202,2025-12-04,2
4203,2025-12-04,2
4204,2025-12-04,3
4205,2025-12-04,3
4206,2025-12-04,4
4207,2025-12-04,5
4208,2025-12-04,5
4209,2025-12-05,3
4210,2025-12-05,4
4211,2025-12-05,4
4212,2025-12-05,5
4213,2025-12-06,1
4214,2025-12-06,1
4215,2025-12-06,4
4216,2025-12-06,5
4217,2025-12-07,2
4218,2025-12-08,2
4219,2025-12-08,2
4220,2025-12-08,3
4221,2025-12-08,5
4222,2025-12-08,5
4223,2025-12-09,1
4224,2025-12-09,1
4225,2025-12-09,1
4226,2025-12-09,2
4227,2025-12-09,2
4228,2025-12-09,4
4229,2025-12-09,5
4230,2025-12-10,1
4231,2025-12-10,1
4232,2025-12-10,2
4233,2025-12-10,2
4234,2025-12-10,3
4235,2025-12-10,3
4236,2025-12-10,4
4237,2025-12-10,4
4238,2025-12-10,4
4239,2025-12-10,5
4240,2025-12-10,5
4241,2025-12-11,1
4242,2025-12-11,2
4243,2025-12-11,2
4244,2025-12-11,3
4245,2025-12-11,4
4246,2025-12-12,1
4247,2025-12-12,1
4248,2025-12-12,1
4249,2025-12-12,2
4250,2025-12-12,2
4251,2025-12-12,2
4252,2025-12-12,4
4253,2025-12-12,4
4254,2025-12-13,1
4255,2025-12-14,3
4256,2025-12-15,1
4257,2025-12-15,2
4258,2025-12-15,3
4259,2025-12-15,3
4260,2025-12-15,3
4261,2025-12-15,3
4262,2025-12-15,5
4263,2025-12-15,5
4264,2025-12-16,2
4265,2025-12-16,2
4266,2025-12-16,3
4267,2025-12-16,5
4268,2025-12-17,1
4269,2025-12-17,1
4270,2025-12-17,2
4271,2025-12-17,2
4272,2025-12-17,2
4273,2025-12-17,2
4274,2025-12-17,2
4275,2025-12-17,2
4276,2025-12-17,2
4277,2025-12-17,2
4278,2025-12-18,1
4279,2025-12-18,2
4280,2025-12-18,2
4281,2025-12-18,4
4282,2025-12-18,5
4283,2025-12-18,5
4284,2025-12-19,1
4285,2025-12-19,2
4286,2025-12-19,4
4287,2025-12-19,4
4288,2025-12-19,4
4289,2025-12-19,5
4290,2025-12-19,5
4291,2025-12-20,1
4292,2025-12-20,1
4293,2025-12-20,2
4294,2025-12-21,5
4295,2025-12-22,1
4296,2025-12-22,1
4297,2025-12-22,2
4298,2025-12-22,3
4299,2025-12-22,3
4300,2025-12-22,5
4301,2025-12-22,5
4302,2025-12-23,1
4303,2025-12-23,2
4304,2025-12-23,3
4305,2025-12-23,4
4306,2025-12-23,4
4307,2025-12-23,4
4308,2025-12-23,5
4309,2025-12-23,5
4310,2025-12-23,5
4311,2025-12-24,3
4312,2025-12-24,4
4313,2025-12-24,5
4314,2025-12-25,1
4315,2025-12-25,2
4316,2025-12-25,3
4317,2025-12-25,3
4318,2025-12-26,1
4319,2025-12-26,3
4320,2025-12-26,3
4321,2025-12-26,4
4322,2025-12-26,4
4323,2025-12-26,4
4324,2025-12-26,5
4325,2025-12-26,5
4326,2025-12-26,5
4327,2025-12-27,1
4328,2025-12-28,3
4329,2025-12-29,1
4330,2025-12-29,1
4331,2025-12-29,2
4332,2025-12-29,2
4333,2025-12-29,2
4334,2025-12-29,4
4335,2025-12-30,1
4336,2025-12-30,1
4337,2025-12-30,2
4338,2025-12-30,2
4339,2025-12-30,3
4340,2025-12-30,3
4341,2025-12-30,3
4342,2025-12-30,3
4343,2025-12-30,4
4344,2025-12-31,1
4345,2025-12-31,1
4346,2025-12-31,2
4347,2025-12-31,2
4348,2025-12-31,3
4349,2025-12-31,3
4350,2025-12-31,3
4351,2025-12-31,4
4352,2025-12-31,4
4353,2025-12-31,4
4354,2025-12-31,5
4355,2025-12-31,5
4356,2026-01-01,1
4357,2026-01-01,2
4358,2026-01-01,2
4359,2026-01-01,3
4360,2026-01-01,3
4361,2026-01-01,4
4362,2026-01-01,5
4363,2026-01-01,5
4364,2026-01-01,5
4365,2026-01-02,1
4366,2026-01-02,1
4367,2026-01-02,1
4368,2026-01-02,2
4369,2026-01-02,3
4370,2026-01-02,3
4371,2026-01-02,3
4372,2026-01-02,4
4373,2026-01-02,5
4374,2026-01-02,5
4375,2026-01-02,5
4376,2026-01-02,5
4377,2026-01-02,5
4378,2026-01-03,4
4379,2026-01-03,4
4380,2026-01-03,5
4381,2026-01-04,2
4382,2026-01-05,2
4383,2026-01-05,3
4384,2026-01-05,4
4385,2026-01-05,4
4386,2026-01-05,4
4387,2026-01-05,5
4388,2026-01-06,1
4389,2026-01-06,1
4390,2026-01-06,2
4391,2026-01-06,3
4392,2026-01-06,3
4393,2026-01-06,4
4394,2026-01-06,4
4395,2026-01-06,4
4396,2026-01-06,5
4397,2026-01-06,5
4398,2026-01-07,3
4399,2026-01-07,3
4400,2026-01-07,5
4401,2026-01-07,5
4402,2026-01-07,5
4403,2026-01-07,5
4404,2026-01-07,5
4405,2026-01-08,3
4406,2026-01-08,3
4407,2026-01-08,4
4408,2026-01-08,4
4409,2026-01-08,5
4410,2026-01-08,5
4411,2026-01-09,1
4412,2026-01-09,2
4413,2026-01-09,3
4414,2026-01-09,4
4415,2026-01-09,5
4416,2026-01-09,5
4417,2026-01-09,5
4418,2026-01-09,5
4419,2026-01-10,1
4420,2026-01-10,3
4421,2026-01-11,1
4422,2026-01-11,3
4423,2026-01-12,1
4424,2026-01-12,4
4425,2026-01-13,1
4426,2026-01-13,1
4427,2026-01-13,4
4428,2026-01-13,4
4429,2026-01-13,5
4430,2026-01-14,1
4431,2026-01-14,1
4432,2026-01-14,1
4433,2026-01-14,2
4434,2026-01-14,3
4435,2026-01-14,3
4436,2026-01-14,3
4437,2026-01-14,4
4438,2026-01-14,4
4439,2026-01-14,4
4440,2026-01-14,4
4441,2026-01-14,5
4442,2026-01-14,5
4443,2026-01-14,5
4444,2026-01-15,1
4445,2026-01-15,1
4446,2026-01-15,2
4447,2026-01-15,2
4448,2026-01-15,2
4449,2026-01-15,4
4450,2026-01-15,4
4451,2026-01-15,4
4452,2026-01-15,4
4453,2026-01-15,5
4454,2026-01-15,5
4455,2026-01-15,5
4456,2026-01-15,5
4457,2026-01-16,2
4458,2026-01-16,2
4459,2026-01-17,3
4460,2026-01-17,4
4461,2026-01-17,5
4462,2026-01-18,3
4463,2026-01-18,4
4464,2026-01-19,1
4465,2026-01-19,1
4466,2026-01-19,1
4467,2026-01-19,1
4468,2026-01-19,3
4469,2026-01-19,4
4470,2026-01-19,5
4471,2026-01-20,1
4472,2026-01-20,1
4473,2026-01-20,1
4474,2026-01-20,2
4475,2026-01-20,3
4476,2026-01-20,3
4477,2026-01-20,3
4478,2026-01-20,3
4479,2026-01-20,4
4480,2026-01-20,5
4481,2026-01-21,2
4482,2026-01-21,4
4483,2026-01-21,4
4484,2026-01-21,4
4485,2026-01-21,4
4486,2026-01-21,4
4487,2026-01-21,5
4488,2026-01-21,5
4489,2026-01-22,1
4490,2026-01-22,2
4491,2026-01-22,4
4492,2026-01-22,4
4493,2026-01-22,5
4494,2026-01-23,1
4495,2026-01-23,1
4496,2026-01-23,1
4497,2026-01-23,1
4498,2026-01-23,1
4499,2026-01-23,1
4500,2026-01-23,1
4501,2026-01-23,1
4502,2026-01-23,2
4503,2026-01-23,2
4504,2026-01-23,2
4505,2026-01-23,2
4506,2026-01-23,2
4507,2026-01-23,3
4508,2026-01-23,3
4509,2026-01-23,5
4510,2026-01-23,5
4511,2026-01-23,5
4512,2026-01-24,1
4513,2026-01-24,2
4514,2026-01-24,2
4515,2026-01-24,3
4516,2026-01-24,5
4517,2026-01-25,3
4518,2026-01-26,1
4519,2026-01-26,1
4520,2026-01-26,1
4521,2026-01-26,2
4522,2026-01-26,2
4523,2026-01-26,2
4524,2026-01-26,2
4525,2026-01-26,2
4526,2026-01-26,3
4527,2026-01-26,4
4528,2026-01-26,4
4529,2026-01-26,4
4530,2026-01-26,5
4531,2026-01-26,5
4532,2026-01-27,1
4533,2026-01-27,2
4534,2026-01-27,2
4535,2026-01-27,3
4536,2026-01-27,4
4537,2026-01-27,4
4538,2026-01-27,5
4539,2026-01-28,2
4540,2026-01-28,3
4541,2026-01-28,4
4542,2026-01-28,5
4543,2026-01-28,5
4544,2026-01-29,1
4545,2026-01-29,2
4546,2026-01-29,4
4547,2026-01-30,1
4548,2026-01-30,1
4549,2026-01-30,1
4550,2026-01-30,2
4551,2026-01-30,2
4552,2026-01-30,3
4553,2026-01-30,3
4554,2026-01-30,4
4555,2026-01-30,4
4556,2026-01-30,5
4557,2026-01-31,3
4558,2026-01-31,3
4559,2026-02-01,2
4560,2026-02-01,2
4561,2026-02-01,5
4562,2026-02-02,1
4563,2026-02-02,2
4564,2026-02-02,3
4565,2026-02-02,3
4566,2026-02-02,4
4567,2026-02-02,4
4568,2026-02-02,4
4569,2026-02-03,1
4570,2026-02-03,1
4571,2026-02-03,2
4572,2026-02-03,2
4573,2026-02-03,3
4574,2026-02-03,3
4575,2026-02-03,3
4576,2026-02-03,4
4577,2026-02-03,4
4578,2026-02-03,5
4579,2026-02-03,5
4580,2026-02-04,1
4581,2026-02-04,1
4582,2026-02-04,2
4583,2026-02-04,2
4584,2026-02-04,3
4585,2026-02-04,4
4586,2026-02-04,4
4587,2026-02-04,4
4588,2026-02-04,4
4589,2026-02-04,4
4590,2026-02-04,4
4591,2026-02-05,2
4592,2026-02-05,2
4593,2026-02-05,3
4594,2026-02-05,4
4595,2026-02-05,5
4596,2026-02-05,5
4597,2026-02-06,1
4598,2026-02-06,2
4599,2026-02-06,3
4600,2026-02-06,3
4601,2026-02-06,4
4602,2026-02-06,5
4603,2026-02-06,5
4604,2026-02-07,1
4605,2026-02-07,3
4606,2026-02-07,4
4607,2026-02-07,5
4608,2026-02-08,4
4609,2026-02-09,1
4610,2026-02-09,1
4611,2026-02-09,2
4612,2026-02-09,2
4613,2026-02-09,3
4614,2026-02-09,5
4615,2026-02-10,2
4616,2026-02-10,2
4617,2026-02-10,3
4618,2026-02-10,3
4619,2026-02-10,3
4620,2026-02-10,3
4621,2026-02-10,4
4622,2026-02-10,4
4623,2026-02-10,5
4624,2026-02-10,5
4625,2026-02-10,5
4626,2026-02-11,1
4627,2026-02-11,2
4628,2026-02-11,3
4629,2026-02-11,4
4630,2026-02-11,5
4631,2026-02-11,5
4632,2026-02-12,1
4633,2026-02-12,2
4634,2026-02-12,3
4635,2026-02-12,3
4636,2026-02-12,4
4637,2026-02-12,5
4638,2026-02-13,1
4639,2026-02-13,1
4640,2026-02-13,1
4641,2026-02-13,1
4642,2026-02-13,4
4643,2026-02-13,4
4644,2026-02-13,4
4645,2026-02-14,1
4646,2026-02-14,1
4647,2026-02-14,2
4648,2026-02-14,3
4649,2026-02-14,4
4650,2026-02-14,5
4651,2026-02-15,1
4652,2026-02-15,3
4653,2026-02-15,4
4654,2026-02-16,1
4655,2026-02-16,2
4656,2026-02-16,2
4657,2026-02-16,2
4658,2026-02-16,5
4659,2026-02-16,5
4660,2026-02-16,5
4661,2026-02-17,1
4662,2026-02-17,1
4663,2026-02-17,1
4664,2026-02-17,2
4665,2026-02-17,2
4666,2026-02-17,3
4667,2026-02-17,3
4668,2026-02-17,3
4669,2026-02-17,4
4670,2026-02-17,4
4671,2026-02-17,5
4672,2026-02-17,5
4673,2026-02-18,1
4674,2026-02-18,2
4675,2026-02-18,2
4676,2026-02-18,2
4677,2026-02-18,3
4678,2026-02-18,3
4679,2026-02-18,3
4680,2026-02-18,4
4681,2026-02-18,5
4682,2026-02-19,1
4683,2026-02-19,1
4684,2026-02-19,2
4685,2026-02-19,2
4686,2026-02-19,3
4687,2026-02-19,3
4688,2026-02-19,4
4689,2026-02-19,4
4690,2026-02-19,4
4691,2026-02-20,1
4692,2026-02-20,1
4693,2026-02-20,1
4694,2026-02-20,1
4695,2026-02-20,2
4696,2026-02-20,3
4697,2026-02-20,3
4698,2026-02-20,3
4699,2026-02-20,3
4700,2026-02-20,5
4701,2026-02-20,5
4702,2026-02-20,5
4703,2026-02-21,4
4704,2026-02-21,4
4705,2026-02-21,5
4706,2026-02-22,3
4707,2026-02-22,3
4708,2026-02-22,5
4709,2026-02-23,1
4710,2026-02-23,2
4711,2026-02-23,3
4712,2026-02-23,3
4713,2026-02-23,3
4714,2026-02-23,3
4715,2026-02-23,5
4716,2026-02-23,5
4717,2026-02-24,2
4718,2026-02-24,3
4719,2026-02-24,3
4720,2026-02-24,4
4721,2026-02-24,5
4722,2026-02-24,5
4723,2026-02-25,1
4724,2026-02-25,1
4725,2026-02-25,2
4726,2026-02-25,3
4727,2026-02-25,5
4728,2026-02-26,2
4729,2026-02-26,2
4730,2026-02-26,3
4731,2026-02-26,3
4732,2026-02-26,3
4733,2026-02-26,4
4734,2026-02-26,4
4735,2026-02-26,4
4736,2026-02-26,5
4737,2026-02-27,2
4738,2026-02-27,2
4739,2026-02-27,2
4740,2026-02-27,3
4741,2026-02-27,4
4742,2026-02-27,4
4743,2026-02-27,5
4744,2026-02-27,5
4745,2026-02-28,2
4746,2026-02-28,5
4747,2026-03-01,1
4748,2026-03-01,1
4749,2026-03-01,4
4750,2026-03-01,4
4751,2026-03-01,4
4752,2026-03-02,1
4753,2026-03-02,2
4754,2026-03-02,3
4755,2026-03-02,3
4756,2026-03-03,1
4757,2026-03-03,1
4758,2026-03-03,1
4759,2026-03-03,1
4760,2026-03-03,2
4761,2026-03-03,3
4762,2026-03-03,3
4763,2026-03-03,4
4764,2026-03-03,5
4765,2026-03-03,5
4766,2026-03-03,5
4767,2026-03-04,1
4768,2026-03-04,2
4769,2026-03-04,3
4770,2026-03-04,3
4771,2026-03-04,3
4772,2026-03-04,3
4773,2026-03-04,4
4774,2026-03-04,5
4775,2026-03-05,3
4776,2026-03-05,3
4777,2026-03-05,4
4778,2026-03-05,5
4779,2026-03-06,2
4780,2026-03-06,3
4781,2026-03-06,3
4782,2026-03-06,5
4783,2026-03-07,3
4784,2026-03-07,4
4785,2026-03-08,4
4786,2026-03-08,5
4787,2026-03-09,1
4788,2026-03-09,1
4789,2026-03-09,2
4790,2026-03-09,2
4791,2026-03-09,3
4792,2026-03-09,3
4793,2026-03-09,4
4794,2026-03-09,4
4795,2026-03-09,4
4796,2026-03-09,5
4797,2026-03-09,5
4798,2026-03-09,5
4799,2026-03-10,1
4800,2026-03-10,3
4801,2026-03-10,3
4802,2026-03-10,3
4803,2026-03-10,3
4804,2026-03-10,3
4805,2026-03-10,4
4806,2026-03-10,5
4807,2026-03-10,5
4808,2026-03-11,1
4809,2026-03-11,1
4810,2026-03-11,1
4811,2026-03-11,2
4812,2026-03-11,2
4813,2026-03-11,2
4814,2026-03-11,3
4815,2026-03-11,3
4816,2026-03-12,1
4817,2026-03-12,1
4818,2026-03-12,1
4819,2026-03-12,2
4820,2026-03-12,2
4821,2026-03-12,4
4822,2026-03-12,5
4823,2026-03-12,5
4824,2026-03-12,5
4825,2026-03-12,5
4826,2026-03-13,1
4827,2026-03-13,1
4828,2026-03-13,2
4829,2026-03-13,3
4830,2026-03-13,4
4831,2026-03-13,4
4832,2026-03-13,4
4833,2026-03-13,5
4834,2026-03-14,1
4835,2026-03-15,1
4836,2026-03-15,1
4837,2026-03-15,5
4838,2026-03-16,1
4839,2026-03-16,2
4840,2026-03-16,2
4841,2026-03-16,2
4842,2026-03-16,3
4843,2026-03-16,3
4844,2026-03-16,3
4845,2026-03-16,4
4846,2026-03-16,4
4847,2026-03-16,5
4848,2026-03-17,1
4849,2026-03-17,1
4850,2026-03-17,1
4851,2026-03-17,2
4852,2026-03-17,2
4853,2026-03-17,3
4854,2026-03-17,3
4855,2026-03-17,4
4856,2026-03-17,4
4857,2026-03-18,1
4858,2026-03-18,1
4859,2026-03-18,2
4860,2026-03-18,4
4861,2026-03-19,4
4862,2026-03-19,4
4863,2026-03-19,5
4864,2026-03-19,5
4865,2026-03-20,1
4866,2026-03-20,3
4867,2026-03-20,3
4868,2026-03-20,4
4869,2026-03-20,4
4870,2026-03-20,5
4871,2026-03-20,5
4872,2026-03-21,1
4873,2026-03-21,2
4874,2026-03-21,3
4875,2026-03-21,3
4876,2026-03-21,3
4877,2026-03-21,3
4878,2026-03-22,2
4879,2026-03-22,3
4880,2026-03-23,3
4881,2026-03-23,3
4882,2026-03-23,4
4883,2026-03-23,4
4884,2026-03-23,4
4885,2026-03-24,2
4886,2026-03-24,3
4887,2026-03-24,4
4888,2026-03-24,4
4889,2026-03-24,4
4890,2026-03-24,5
4891,2026-03-24,5
4892,2026-03-25,1
4893,2026-03-25,1
4894,2026-03-25,3
4895,2026-03-25,3
4896,2026-03-25,3
4897,2026-03-25,4
4898,2026-03-25,5
4899,2026-03-25,5
4900,2026-03-25,5
4901,2026-03-26,2
4902,2026-03-26,4
4903,2026-03-26,4
4904,2026-03-26,5
4905,2026-03-26,5
4906,2026-03-26,5
4907,2026-03-27,1
4908,2026-03-27,1
4909,2026-03-27,2
4910,2026-03-27,2
4911,2026-03-27,3
4912,2026-03-27,3
4913,2026-03-27,4
4914,2026-03-27,4
4915,2026-03-27,5
4916,2026-03-27,5
4917,2026-03-27,5
4918,2026-03-29,2
4919,2026-03-29,3
4920,2026-03-29,4
4921,2026-03-30,1
4922,2026-03-30,1
4923,2026-03-30,1
4924,2026-03-30,2
4925,2026-03-30,2
4926,2026-03-30,4
4927,2026-03-30,5
4928,2026-03-30,5
4929,2026-03-30,5
4930,2026-03-31,1
4931,2026-03-31,1
4932,2026-03-31,2
4933,2026-03-31,3
4934,2026-03-31,3
4935,2026-03-31,3
4936,2026-03-31,3
4937,2026-03-31,4
4938,2026-03-31,5
